variant,compression,blocksize,mode,file_size_mb,tiles_touched,overall_p90_ms,overall_p95_ms,overall_average_ms,read_p90_ms,round_p90_average_ms,round_p90_min_ms,round_p90_max_ms,best_round,worst_round,latency_reduction_pct,speedup_x
deflate_128,DEFLATE,128,cold,,4,368.1075380996845,413.5728392500822,254.51861688012286,306.34960480056185,343.2429286802289,292.69483760017465,435.43987890006974,3,2,-298.60085205568197,0.25087753697533655
deflate_256,DEFLATE,256,cold,,4,1064.5727337003336,1229.666977749821,691.1430379200465,986.8201461998979,963.7785596601315,867.8584465002131,1077.9963962002512,2,5,-1052.7598726144186,0.08674833534342545
deflate_512,DEFLATE,512,cold,,1,93.04922119936236,113.85546699966645,73.30082258020411,12.19005380080489,93.2811066200156,79.37772020013654,107.82673720023006,5,1,-0.757238074107373,0.9924845292647817
lzw_128,LZW,128,cold,,4,361.6652131988304,439.2203794999658,283.07705511990207,313.4097460992052,381.9663545599178,343.94247969976277,467.1987961997729,1,2,-291.62485746465404,0.2553464063731589
lzw_256,LZW,256,cold,,4,1140.5337589005285,1203.17206744985,782.266921880182,1071.5100589997746,1083.6189661802928,924.5613914001297,1180.698821500482,1,2,-1135.013361701136,0.08097078388063565
lzw_512,LZW,512,cold,,1,92.3499125005037,116.79157935031978,71.05113681991497,14.783346200056258,89.47969014028786,63.556941701426695,113.1893667006807,3,4,0.0,1.0
zstd_128,ZSTD,128,cold,,4,447.5010092006415,497.40059145033223,273.9078401202278,330.35895000011817,396.19042712070944,328.90820060110855,511.6771536007945,1,2,-384.5711241991709,0.206368054153589
zstd_256,ZSTD,256,cold,,4,897.8212926003836,956.3759989506252,625.5159787199591,791.3309757001117,846.6438078803185,673.9467539009637,953.6338299005365,1,2,-872.1950657998583,0.10286001597603929
zstd_512,ZSTD,512,cold,,1,91.79338269859727,120.24187530014376,67.75281997997809,9.210262200031138,86.06859731997244,74.54360780047863,96.14651189858704,1,5,0.602631650466805,1.006062853176833
