round,sequence,variant,compression,blocksize,run,mode,s3_uri,file_size_mb,window_width_px,window_height_px,tiles_touched,open_ms,window_ms,read_ms,total_ms
1,1,lzw_128,LZW,128,9,cold,s3://gis-asset/coverage/6a3bfdd89e3416fefefdf90b/cog/lzw_128.tif,,24,18,4,39.61066599913465,0.3053330001421273,356.78358400036814,397.0280420016934
1,2,zstd_128,ZSTD,128,7,cold,s3://gis-asset/coverage/6a3bfdd89e3416fefefdf90b/cog/zstd_128.tif,,24,18,4,50.255041000127676,0.4544589992292458,148.45333300036145,199.8360830002639
1,3,deflate_256,DEFLATE,256,2,cold,s3://gis-asset/coverage/6a3bfdd89e3416fefefdf90b/cog/deflate_256.tif,,24,18,1,46.98574999929406,0.5866249994141981,3.4680839999055024,51.183792000301764
1,4,lzw_128,LZW,128,2,cold,s3://gis-asset/coverage/6a3bfdd89e3416fefefdf90b/cog/lzw_128.tif,,24,18,4,75.5296659990563,0.2884170007746434,153.69450000071083,229.9227500006964
1,5,zstd_128,ZSTD,128,4,cold,s3://gis-asset/coverage/6a3bfdd89e3416fefefdf90b/cog/zstd_128.tif,,24,18,4,119.00237500049116,0.49829099953058176,126.3724580003327,246.3599169986992
1,6,zstd_512,ZSTD,512,3,cold,s3://gis-asset/coverage/6a3bfdd89e3416fefefdf90b/cog/zstd_512.tif,,24,18,1,49.553875000128755,0.447833001089748,7.243292000566726,57.49350000041886
1,7,lzw_256,LZW,256,1,cold,s3://gis-asset/coverage/6a3bfdd89e3416fefefdf90b/cog/lzw_256.tif,,24,18,1,92.40375000081258,0.3619580002123257,4.9115829988295445,97.86816700034251
1,8,lzw_512,LZW,512,9,cold,s3://gis-asset/coverage/6a3bfdd89e3416fefefdf90b/cog/lzw_512.tif,,24,18,1,52.641374999438995,0.3460420011833776,10.53091700123332,63.70766600048228
1,9,zstd_128,ZSTD,128,2,cold,s3://gis-asset/coverage/6a3bfdd89e3416fefefdf90b/cog/zstd_128.tif,,24,18,4,70.62062499971944,0.33754200012481306,119.8528749991965,191.3214579999476
1,10,zstd_512,ZSTD,512,7,cold,s3://gis-asset/coverage/6a3bfdd89e3416fefefdf90b/cog/zstd_512.tif,,24,18,1,64.99133400029677,0.6004589995427523,7.76541699997324,73.79799999944225
1,11,zstd_256,ZSTD,256,9,cold,s3://gis-asset/coverage/6a3bfdd89e3416fefefdf90b/cog/zstd_256.tif,,24,18,1,67.40625099882891,0.38591600059589837,3.344374999869615,71.53633399866521
1,12,lzw_256,LZW,256,2,cold,s3://gis-asset/coverage/6a3bfdd89e3416fefefdf90b/cog/lzw_256.tif,,24,18,1,123.1986250004411,0.6957909990887856,4.760666999573004,128.88933300018834
1,13,zstd_256,ZSTD,256,6,cold,s3://gis-asset/coverage/6a3bfdd89e3416fefefdf90b/cog/zstd_256.tif,,24,18,1,61.83462499939196,0.6105829997977708,5.154250000487082,67.79508399995393
1,14,zstd_512,ZSTD,512,10,cold,s3://gis-asset/coverage/6a3bfdd89e3416fefefdf90b/cog/zstd_512.tif,,24,18,1,42.659333999836235,0.30570899980375543,8.913875000871485,52.144749999570195
1,15,zstd_128,ZSTD,128,6,cold,s3://gis-asset/coverage/6a3bfdd89e3416fefefdf90b/cog/zstd_128.tif,,24,18,4,158.4599170000729,0.7719590012129629,171.3274169997021,331.01704100045026
1,16,zstd_512,ZSTD,512,2,cold,s3://gis-asset/coverage/6a3bfdd89e3416fefefdf90b/cog/zstd_512.tif,,24,18,1,119.21329199867614,0.43529200047487393,8.064124998782063,127.91570899935323
1,17,deflate_256,DEFLATE,256,6,cold,s3://gis-asset/coverage/6a3bfdd89e3416fefefdf90b/cog/deflate_256.tif,,24,18,1,50.24020899872994,0.5292499990900978,3.8465419984277105,54.79145800018159
1,18,deflate_512,DEFLATE,512,5,cold,s3://gis-asset/coverage/6a3bfdd89e3416fefefdf90b/cog/deflate_512.tif,,24,18,1,57.30475000018487,0.4883330002485309,9.033333000843413,67.01508299920533
1,19,deflate_128,DEFLATE,128,8,cold,s3://gis-asset/coverage/6a3bfdd89e3416fefefdf90b/cog/deflate_128.tif,,24,18,4,88.06983299837157,0.34212499849672895,206.20645900089585,295.21987499902025
1,20,deflate_128,DEFLATE,128,4,cold,s3://gis-asset/coverage/6a3bfdd89e3416fefefdf90b/cog/deflate_128.tif,,24,18,4,44.091499999922235,0.9611669993319083,243.54416699861758,289.12941700036754
1,21,lzw_512,LZW,512,7,cold,s3://gis-asset/coverage/6a3bfdd89e3416fefefdf90b/cog/lzw_512.tif,,24,18,1,71.61825000002864,0.724165998690296,11.940874999709195,84.56837499943504
1,22,lzw_256,LZW,256,9,cold,s3://gis-asset/coverage/6a3bfdd89e3416fefefdf90b/cog/lzw_256.tif,,24,18,1,40.31420799947227,0.3754169993044343,4.466958000193699,45.325209001020994
1,23,lzw_128,LZW,128,6,cold,s3://gis-asset/coverage/6a3bfdd89e3416fefefdf90b/cog/lzw_128.tif,,24,18,4,45.59937500016531,0.5323750010575168,190.866000000824,237.51774999982445
1,24,deflate_512,DEFLATE,512,4,cold,s3://gis-asset/coverage/6a3bfdd89e3416fefefdf90b/cog/deflate_512.tif,,24,18,1,80.88925000083691,0.9326660001534037,9.436416999960784,91.37870800077508
1,25,lzw_256,LZW,256,10,cold,s3://gis-asset/coverage/6a3bfdd89e3416fefefdf90b/cog/lzw_256.tif,,24,18,1,41.275833998952294,0.2964169998449506,3.7285409998730756,45.404250000501634
1,26,deflate_512,DEFLATE,512,8,cold,s3://gis-asset/coverage/6a3bfdd89e3416fefefdf90b/cog/deflate_512.tif,,24,18,1,60.1257500002248,0.39579099939146545,8.781000000453787,69.49783299933188
1,27,deflate_256,DEFLATE,256,4,cold,s3://gis-asset/coverage/6a3bfdd89e3416fefefdf90b/cog/deflate_256.tif,,24,18,1,64.31233399962366,0.6145419993117684,4.381458000352723,69.5507499985979
1,28,zstd_512,ZSTD,512,1,cold,s3://gis-asset/coverage/6a3bfdd89e3416fefefdf90b/cog/zstd_512.tif,,24,18,1,56.73104200104717,0.6194170000526356,10.442624999996042,68.10770900119678
1,29,lzw_256,LZW,256,5,cold,s3://gis-asset/coverage/6a3bfdd89e3416fefefdf90b/cog/lzw_256.tif,,24,18,1,38.47933400174952,0.2800410002237186,4.602332999638747,43.47649999908754
1,30,zstd_128,ZSTD,128,9,cold,s3://gis-asset/coverage/6a3bfdd89e3416fefefdf90b/cog/zstd_128.tif,,24,18,4,75.4571669986035,0.48041599984571803,229.44495800038567,305.9475840000232
1,31,lzw_128,LZW,128,8,cold,s3://gis-asset/coverage/6a3bfdd89e3416fefefdf90b/cog/lzw_128.tif,,24,18,4,44.580166999367066,0.39270900015253574,181.84395800017228,227.24941699925694
1,32,lzw_512,LZW,512,6,cold,s3://gis-asset/coverage/6a3bfdd89e3416fefefdf90b/cog/lzw_512.tif,,24,18,1,50.613999999768566,0.48054200124170166,13.107458000376937,64.41466599972046
1,33,zstd_512,ZSTD,512,5,cold,s3://gis-asset/coverage/6a3bfdd89e3416fefefdf90b/cog/zstd_512.tif,,24,18,1,62.1841249994759,0.34425000012561213,7.894792001025053,70.79724999857717
1,34,zstd_128,ZSTD,128,5,cold,s3://gis-asset/coverage/6a3bfdd89e3416fefefdf90b/cog/zstd_128.tif,,24,18,4,82.72104199932073,0.5263749990263022,123.8085000004503,207.51791700058675
1,35,deflate_512,DEFLATE,512,2,cold,s3://gis-asset/coverage/6a3bfdd89e3416fefefdf90b/cog/deflate_512.tif,,24,18,1,42.13629099831451,0.6859999994048849,10.208124998825951,53.139417001148104
1,36,deflate_512,DEFLATE,512,6,cold,s3://gis-asset/coverage/6a3bfdd89e3416fefefdf90b/cog/deflate_512.tif,,24,18,1,47.26183300044795,0.2666670006874483,10.347249999540509,57.993207999970764
1,37,deflate_128,DEFLATE,128,10,cold,s3://gis-asset/coverage/6a3bfdd89e3416fefefdf90b/cog/deflate_128.tif,,24,18,4,32.96562499963329,0.19670799883897416,117.49862500073505,151.1064999995142
1,38,deflate_128,DEFLATE,128,2,cold,s3://gis-asset/coverage/6a3bfdd89e3416fefefdf90b/cog/deflate_128.tif,,24,18,4,64.04354200094531,0.6288330005190801,339.54566700049327,404.71412599981704
1,39,lzw_128,LZW,128,5,cold,s3://gis-asset/coverage/6a3bfdd89e3416fefefdf90b/cog/lzw_128.tif,,24,18,4,38.85516700029257,0.41554199924576096,193.43791699975554,233.11783300050593
1,40,deflate_512,DEFLATE,512,3,cold,s3://gis-asset/coverage/6a3bfdd89e3416fefefdf90b/cog/deflate_512.tif,,24,18,1,39.036542000758345,0.2590420008345973,10.440500000186148,49.8607079989597
1,41,deflate_128,DEFLATE,128,5,cold,s3://gis-asset/coverage/6a3bfdd89e3416fefefdf90b/cog/deflate_128.tif,,24,18,4,47.58537499947124,0.27120800041302573,112.58175000148185,160.79504099980113
1,42,deflate_256,DEFLATE,256,5,cold,s3://gis-asset/coverage/6a3bfdd89e3416fefefdf90b/cog/deflate_256.tif,,24,18,1,41.50708399902214,0.4132089998165611,3.5447090012894478,45.616583000082755
1,43,lzw_128,LZW,128,3,cold,s3://gis-asset/coverage/6a3bfdd89e3416fefefdf90b/cog/lzw_128.tif,,24,18,4,47.57029200118268,0.565541999094421,337.8672920007375,386.47641699935775
1,44,lzw_512,LZW,512,8,cold,s3://gis-asset/coverage/6a3bfdd89e3416fefefdf90b/cog/lzw_512.tif,,24,18,1,71.13270900117641,0.4849169999943115,11.427417000959394,83.3003749994532
1,45,deflate_256,DEFLATE,256,7,cold,s3://gis-asset/coverage/6a3bfdd89e3416fefefdf90b/cog/deflate_256.tif,,24,18,1,47.098625000217,0.4533749997790437,4.559082999548991,52.293165999799385
1,46,deflate_256,DEFLATE,256,9,cold,s3://gis-asset/coverage/6a3bfdd89e3416fefefdf90b/cog/deflate_256.tif,,24,18,1,62.007708998862654,0.5730829998356057,5.8138330005022,68.53299999966111
1,47,zstd_256,ZSTD,256,1,cold,s3://gis-asset/coverage/6a3bfdd89e3416fefefdf90b/cog/zstd_256.tif,,24,18,1,119.7952919992531,0.420667000071262,3.5431670003163163,123.96137500036275
1,48,zstd_256,ZSTD,256,4,cold,s3://gis-asset/coverage/6a3bfdd89e3416fefefdf90b/cog/zstd_256.tif,,24,18,1,30086.78817999862,0.7627089999004966,4.114749999644118,30092.07926400086
1,49,zstd_512,ZSTD,512,9,cold,s3://gis-asset/coverage/6a3bfdd89e3416fefefdf90b/cog/zstd_512.tif,,24,18,1,100.15000000021246,0.42954200034728274,9.265208000215353,110.15749999933178
1,50,lzw_256,LZW,256,6,cold,s3://gis-asset/coverage/6a3bfdd89e3416fefefdf90b/cog/lzw_256.tif,,24,18,1,79.65270800013968,0.3434170012042159,4.24133299929963,84.43937500123866
1,51,lzw_512,LZW,512,1,cold,s3://gis-asset/coverage/6a3bfdd89e3416fefefdf90b/cog/lzw_512.tif,,24,18,1,40.63733400107594,0.3668330009531928,13.14375000038126,54.371541998989414
1,52,zstd_256,ZSTD,256,2,cold,s3://gis-asset/coverage/6a3bfdd89e3416fefefdf90b/cog/zstd_256.tif,,24,18,1,45.520874999056105,0.3579579988581827,3.6523329999909038,49.82754100092279
1,53,lzw_512,LZW,512,5,cold,s3://gis-asset/coverage/6a3bfdd89e3416fefefdf90b/cog/lzw_512.tif,,24,18,1,52.73579099957715,0.6108329998824047,14.947875000871136,68.44987500153366
1,54,lzw_256,LZW,256,7,cold,s3://gis-asset/coverage/6a3bfdd89e3416fefefdf90b/cog/lzw_256.tif,,24,18,1,46.46066699933726,0.43604199890978634,4.649667000194313,51.66408299919567
1,55,deflate_256,DEFLATE,256,8,cold,s3://gis-asset/coverage/6a3bfdd89e3416fefefdf90b/cog/deflate_256.tif,,24,18,1,77.17516599950613,0.6136669999250444,4.279791999579174,82.24483400044846
1,56,deflate_256,DEFLATE,256,3,cold,s3://gis-asset/coverage/6a3bfdd89e3416fefefdf90b/cog/deflate_256.tif,,24,18,1,42.84529200049292,0.58708399956231,5.660083999828203,49.218792000829126
1,57,deflate_512,DEFLATE,512,7,cold,s3://gis-asset/coverage/6a3bfdd89e3416fefefdf90b/cog/deflate_512.tif,,24,18,1,47.718375999465934,0.31858300098974723,11.970040999585763,60.1409999999305
1,58,zstd_128,ZSTD,128,3,cold,s3://gis-asset/coverage/6a3bfdd89e3416fefefdf90b/cog/zstd_128.tif,,24,18,4,121.99458299983235,0.32620800084259827,2449.0309590000834,2572.0322930010298
1,59,deflate_512,DEFLATE,512,1,cold,s3://gis-asset/coverage/6a3bfdd89e3416fefefdf90b/cog/deflate_512.tif,,24,18,1,126.55316699965624,0.7132079990697093,9.71899999967718,137.41520899930038
1,60,zstd_128,ZSTD,128,1,cold,s3://gis-asset/coverage/6a3bfdd89e3416fefefdf90b/cog/zstd_128.tif,,24,18,4,831.1616249993676,0.7727500014880206,3638.687000999198,4471.297168998717
1,61,deflate_128,DEFLATE,128,3,cold,s3://gis-asset/coverage/6a3bfdd89e3416fefefdf90b/cog/deflate_128.tif,,24,18,4,76.90491699941049,0.7752080000500428,4951.4637520005635,5029.75337800126
1,62,deflate_128,DEFLATE,128,6,cold,s3://gis-asset/coverage/6a3bfdd89e3416fefefdf90b/cog/deflate_128.tif,,24,18,4,88.42454200021166,0.7475830007024342,2277.161543001057,2366.9284589996096
1,63,zstd_256,ZSTD,256,7,cold,s3://gis-asset/coverage/6a3bfdd89e3416fefefdf90b/cog/zstd_256.tif,,24,18,1,105.19566699986171,0.7307079995371168,4.244749999998021,110.60204200111912
1,64,lzw_128,LZW,128,10,cold,s3://gis-asset/coverage/6a3bfdd89e3416fefefdf90b/cog/lzw_128.tif,,24,18,4,492.6803749985993,0.7295830000657588,3795.756668001559,4289.665460000833
1,65,lzw_256,LZW,256,3,cold,s3://gis-asset/coverage/6a3bfdd89e3416fefefdf90b/cog/lzw_256.tif,,24,18,1,104.35654200045974,1.3422920001175953,6.275541998547851,112.3597920013708
1,66,zstd_256,ZSTD,256,8,cold,s3://gis-asset/coverage/6a3bfdd89e3416fefefdf90b/cog/zstd_256.tif,,24,18,1,81.64312500048254,0.6900000007590279,3.9517920013167895,86.75012499952572
1,67,zstd_256,ZSTD,256,5,cold,s3://gis-asset/coverage/6a3bfdd89e3416fefefdf90b/cog/zstd_256.tif,,24,18,1,462.86712599976454,0.7052499986457406,4.267915999662364,468.29245800108765
1,68,deflate_256,DEFLATE,256,10,cold,s3://gis-asset/coverage/6a3bfdd89e3416fefefdf90b/cog/deflate_256.tif,,24,18,1,122.00533399845881,0.7467499999620486,4.6660420011903625,127.73349999952188
1,69,lzw_512,LZW,512,3,cold,s3://gis-asset/coverage/6a3bfdd89e3416fefefdf90b/cog/lzw_512.tif,,24,18,1,1015.4385000005277,0.7069579987728503,10.734957999375183,1027.2326260001137
1,70,lzw_128,LZW,128,1,cold,s3://gis-asset/coverage/6a3bfdd89e3416fefefdf90b/cog/lzw_128.tif,,24,18,4,196.35033400118118,0.719833000403014,1688.6622090005403,1886.2502929987386
1,71,zstd_512,ZSTD,512,4,cold,s3://gis-asset/coverage/6a3bfdd89e3416fefefdf90b/cog/zstd_512.tif,,24,18,1,100.65808299987111,0.7115419994079275,8.92583399945579,110.66791700068279
1,72,deflate_128,DEFLATE,128,7,cold,s3://gis-asset/coverage/6a3bfdd89e3416fefefdf90b/cog/deflate_128.tif,,24,18,4,317.05779200092365,0.6202919994393596,1745.5942090000462,2063.81604300077
1,73,lzw_256,LZW,256,4,cold,s3://gis-asset/coverage/6a3bfdd89e3416fefefdf90b/cog/lzw_256.tif,,24,18,1,105.49816699858638,0.6717920005030464,5.065250001280219,111.54770800021652
1,74,zstd_512,ZSTD,512,6,cold,s3://gis-asset/coverage/6a3bfdd89e3416fefefdf90b/cog/zstd_512.tif,,24,18,1,110.51724999924772,0.7249589998536976,9.434250001504552,121.1236259987345
1,75,zstd_256,ZSTD,256,10,cold,s3://gis-asset/coverage/6a3bfdd89e3416fefefdf90b/cog/zstd_256.tif,,24,18,1,48.49270900012925,0.691082999765058,4.6189579989004415,54.140124999321415
1,76,zstd_256,ZSTD,256,3,cold,s3://gis-asset/coverage/6a3bfdd89e3416fefefdf90b/cog/zstd_256.tif,,24,18,1,66.12970800051698,0.5943750002188608,3.8466249989141943,70.91220800066367
1,77,zstd_512,ZSTD,512,8,cold,s3://gis-asset/coverage/6a3bfdd89e3416fefefdf90b/cog/zstd_512.tif,,24,18,1,201.76045799962594,0.4103339997527655,6.554792000315501,209.18045799953688
1,78,lzw_512,LZW,512,10,cold,s3://gis-asset/coverage/6a3bfdd89e3416fefefdf90b/cog/lzw_512.tif,,24,18,1,160.64912500041828,0.8202919998439029,15.02391699978034,176.75741699895298
1,79,deflate_512,DEFLATE,512,9,cold,s3://gis-asset/coverage/6a3bfdd89e3416fefefdf90b/cog/deflate_512.tif,,24,18,1,210.8903749995079,0.7427079999615671,9.959457998775179,221.78258399981132
1,80,lzw_256,LZW,256,8,cold,s3://gis-asset/coverage/6a3bfdd89e3416fefefdf90b/cog/lzw_256.tif,,24,18,1,95.94225000000733,0.7150000001274748,4.618582999682985,101.51566700005787
1,81,lzw_512,LZW,512,4,cold,s3://gis-asset/coverage/6a3bfdd89e3416fefefdf90b/cog/lzw_512.tif,,24,18,1,92.27945800012094,0.7315000002563465,11.974582999755512,105.14520900142088
1,82,lzw_128,LZW,128,4,cold,s3://gis-asset/coverage/6a3bfdd89e3416fefefdf90b/cog/lzw_128.tif,,24,18,4,61.89283300045645,0.3104999996139668,5965.995210999608,6028.79575299994
1,83,zstd_128,ZSTD,128,10,cold,s3://gis-asset/coverage/6a3bfdd89e3416fefefdf90b/cog/zstd_128.tif,,24,18,4,99.03291699993133,0.7362079995800741,1169.8744999994233,1270.5845839991525
1,84,deflate_128,DEFLATE,128,1,cold,s3://gis-asset/coverage/6a3bfdd89e3416fefefdf90b/cog/deflate_128.tif,,24,18,4,192.0571260016004,0.7592080000904389,1313.2255840009748,1506.8169999995007
1,85,deflate_256,DEFLATE,256,1,cold,s3://gis-asset/coverage/6a3bfdd89e3416fefefdf90b/cog/deflate_256.tif,,24,18,1,180.6814999999915,0.7635420006408822,4.657082999983686,186.40195899934042
1,86,lzw_128,LZW,128,7,cold,s3://gis-asset/coverage/6a3bfdd89e3416fefefdf90b/cog/lzw_128.tif,,24,18,4,588.1501669991849,1.0098750008182833,2584.831125999699,3174.6553760003735
1,87,deflate_128,DEFLATE,128,9,cold,s3://gis-asset/coverage/6a3bfdd89e3416fefefdf90b/cog/deflate_128.tif,,24,18,4,74.23224999911326,0.9284169991587987,2606.73137699996,2682.5195430010353
1,88,lzw_512,LZW,512,2,cold,s3://gis-asset/coverage/6a3bfdd89e3416fefefdf90b/cog/lzw_512.tif,,24,18,1,194.20595799965668,0.5679589994542766,14.247041999624344,209.22425000026124
1,89,zstd_128,ZSTD,128,8,cold,s3://gis-asset/coverage/6a3bfdd89e3416fefefdf90b/cog/zstd_128.tif,,24,18,4,95.23095900112821,0.9123330000875285,2007.9093339991232,2104.970709000554
1,90,deflate_512,DEFLATE,512,10,cold,s3://gis-asset/coverage/6a3bfdd89e3416fefefdf90b/cog/deflate_512.tif,,24,18,1,325.5080840008304,0.7243330001074355,9.289875000831671,335.74420800141525
2,1,deflate_128,DEFLATE,128,7,cold,s3://gis-asset/coverage/6a3bfdd89e3416fefefdf90b/cog/deflate_128.tif,,24,18,4,122.00266699983331,0.5802079995191889,2599.567293000291,2722.9745849999745
2,2,zstd_512,ZSTD,512,3,cold,s3://gis-asset/coverage/6a3bfdd89e3416fefefdf90b/cog/zstd_512.tif,,24,18,1,72.54749999992782,0.6231249990378274,7.060791000185418,80.58737499959534
2,3,deflate_512,DEFLATE,512,1,cold,s3://gis-asset/coverage/6a3bfdd89e3416fefefdf90b/cog/deflate_512.tif,,24,18,1,1392.3197919993981,0.35704099900613073,8.768249999775435,1401.5939170003548
2,4,deflate_256,DEFLATE,256,2,cold,s3://gis-asset/coverage/6a3bfdd89e3416fefefdf90b/cog/deflate_256.tif,,24,18,1,69.54025000050024,0.3573750000214204,3.9097499993658857,73.97024999954738
2,5,zstd_256,ZSTD,256,7,cold,s3://gis-asset/coverage/6a3bfdd89e3416fefefdf90b/cog/zstd_256.tif,,24,18,1,169.39495900078327,0.5895000012969831,3.8062919993535616,174.0414169998985
2,6,zstd_128,ZSTD,128,3,cold,s3://gis-asset/coverage/6a3bfdd89e3416fefefdf90b/cog/zstd_128.tif,,24,18,4,68.70112500109826,0.4750000007334165,1030.9912920001807,1100.5018339983508
2,7,deflate_256,DEFLATE,256,3,cold,s3://gis-asset/coverage/6a3bfdd89e3416fefefdf90b/cog/deflate_256.tif,,24,18,1,518.4414590003144,0.5597500003204914,4.922042000544025,524.1457089996402
2,8,lzw_512,LZW,512,5,cold,s3://gis-asset/coverage/6a3bfdd89e3416fefefdf90b/cog/lzw_512.tif,,24,18,1,339.6812080009113,0.6016660008754116,14.57933300116565,355.06045799957064
2,9,zstd_256,ZSTD,256,3,cold,s3://gis-asset/coverage/6a3bfdd89e3416fefefdf90b/cog/zstd_256.tif,,24,18,1,135.24595799935923,0.5229170001257444,3.446709000854753,139.54341700082296
2,10,zstd_256,ZSTD,256,6,cold,s3://gis-asset/coverage/6a3bfdd89e3416fefefdf90b/cog/zstd_256.tif,,24,18,1,823.3747920003225,0.6913750003150199,4.173833998720511,828.6569589999999
2,11,deflate_256,DEFLATE,256,10,cold,s3://gis-asset/coverage/6a3bfdd89e3416fefefdf90b/cog/deflate_256.tif,,24,18,1,187.8660000002128,0.6909580006322358,5.235791000814061,194.00941700041585
2,12,deflate_256,DEFLATE,256,8,cold,s3://gis-asset/coverage/6a3bfdd89e3416fefefdf90b/cog/deflate_256.tif,,24,18,1,489.6884170011617,0.740708001103485,4.61445799919602,495.28633400041144
2,13,zstd_256,ZSTD,256,9,cold,s3://gis-asset/coverage/6a3bfdd89e3416fefefdf90b/cog/zstd_256.tif,,24,18,1,418.18849999981467,0.7276249998540152,5.382291999922018,425.03970799953095
2,14,zstd_512,ZSTD,512,5,cold,s3://gis-asset/coverage/6a3bfdd89e3416fefefdf90b/cog/zstd_512.tif,,24,18,1,163.6001250008121,0.6735839997418225,8.476708999296534,173.1759169997531
2,15,zstd_128,ZSTD,128,5,cold,s3://gis-asset/coverage/6a3bfdd89e3416fefefdf90b/cog/zstd_128.tif,,24,18,4,88.60820900008548,1.006167000014102,1318.9163759998337,1409.3789590006054
2,16,deflate_256,DEFLATE,256,1,cold,s3://gis-asset/coverage/6a3bfdd89e3416fefefdf90b/cog/deflate_256.tif,,24,18,1,126.29570800163492,0.9915000009641517,5.249999998341082,132.70304199977545
2,17,zstd_128,ZSTD,128,8,cold,s3://gis-asset/coverage/6a3bfdd89e3416fefefdf90b/cog/zstd_128.tif,,24,18,4,178.865500000029,0.886957999682636,1205.6923339987407,1386.3553339997452
2,18,deflate_512,DEFLATE,512,9,cold,s3://gis-asset/coverage/6a3bfdd89e3416fefefdf90b/cog/deflate_512.tif,,24,18,1,194.45483300114574,0.4497919999266742,9.276708000470535,204.3380420000176
2,19,deflate_128,DEFLATE,128,4,cold,s3://gis-asset/coverage/6a3bfdd89e3416fefefdf90b/cog/deflate_128.tif,,24,18,4,86.15320799981419,0.5342080003174488,2052.0720839995192,2139.4588760012994
2,20,lzw_512,LZW,512,1,cold,s3://gis-asset/coverage/6a3bfdd89e3416fefefdf90b/cog/lzw_512.tif,,24,18,1,91.63758299837355,0.8632919998490252,13.929708000432584,106.58908400000655
2,21,lzw_512,LZW,512,6,cold,s3://gis-asset/coverage/6a3bfdd89e3416fefefdf90b/cog/lzw_512.tif,,24,18,1,119.81729199942492,0.5806250010209624,14.27829199928965,134.84012499975506
2,22,lzw_512,LZW,512,10,cold,s3://gis-asset/coverage/6a3bfdd89e3416fefefdf90b/cog/lzw_512.tif,,24,18,1,75.74941700113413,0.41112500002782326,12.57195799917099,88.93254200120282
2,23,lzw_256,LZW,256,1,cold,s3://gis-asset/coverage/6a3bfdd89e3416fefefdf90b/cog/lzw_256.tif,,24,18,1,390.5199580003682,0.6456249993789243,4.856207999182516,396.28395900035684
2,24,zstd_512,ZSTD,512,6,cold,s3://gis-asset/coverage/6a3bfdd89e3416fefefdf90b/cog/zstd_512.tif,,24,18,1,54.31124999995518,0.7198749990493525,7.993166998858214,63.22008300048765
2,25,deflate_128,DEFLATE,128,10,cold,s3://gis-asset/coverage/6a3bfdd89e3416fefefdf90b/cog/deflate_128.tif,,24,18,4,69.36012499863864,0.3537089996825671,2721.6169179991994,2792.0487519986636
2,26,deflate_256,DEFLATE,256,5,cold,s3://gis-asset/coverage/6a3bfdd89e3416fefefdf90b/cog/deflate_256.tif,,24,18,1,224.04841699972167,0.4628340011549881,4.838958999243914,229.5497080012865
2,27,deflate_128,DEFLATE,128,1,cold,s3://gis-asset/coverage/6a3bfdd89e3416fefefdf90b/cog/deflate_128.tif,,24,18,4,352.2077090001403,0.7797079997544643,1660.2299179994588,2013.8848339993274
2,28,deflate_512,DEFLATE,512,10,cold,s3://gis-asset/coverage/6a3bfdd89e3416fefefdf90b/cog/deflate_512.tif,,24,18,1,82.1509170000354,0.8457919993816176,11.479291000796366,94.7083749997546
2,29,zstd_128,ZSTD,128,2,cold,s3://gis-asset/coverage/6a3bfdd89e3416fefefdf90b/cog/zstd_128.tif,,24,18,4,171.93170899918186,0.4549160003080033,2537.2931260008045,2710.4312510000454
2,30,lzw_128,LZW,128,5,cold,s3://gis-asset/coverage/6a3bfdd89e3416fefefdf90b/cog/lzw_128.tif,,24,18,4,113.13504200006719,0.7594589988002554,1700.3835840005195,1815.213459000006
2,31,lzw_256,LZW,256,5,cold,s3://gis-asset/coverage/6a3bfdd89e3416fefefdf90b/cog/lzw_256.tif,,24,18,1,96.18708300149592,0.7396250002784654,5.34904199957964,102.4857919983333
2,32,zstd_128,ZSTD,128,7,cold,s3://gis-asset/coverage/6a3bfdd89e3416fefefdf90b/cog/zstd_128.tif,,24,18,4,575.8574999999837,0.7000000005064066,3603.8454589997855,4181.350126000325
2,33,lzw_128,LZW,128,6,cold,s3://gis-asset/coverage/6a3bfdd89e3416fefefdf90b/cog/lzw_128.tif,,24,18,4,181.37399999977788,0.8132089988066582,4511.333169000864,4694.233878000887
2,34,deflate_512,DEFLATE,512,3,cold,s3://gis-asset/coverage/6a3bfdd89e3416fefefdf90b/cog/deflate_512.tif,,24,18,1,539.2474589989433,0.7932499993330566,11.629083999650902,551.9559579988709
2,35,lzw_128,LZW,128,2,cold,s3://gis-asset/coverage/6a3bfdd89e3416fefefdf90b/cog/lzw_128.tif,,24,18,4,673.0598340000142,0.8187499988707714,2606.6398349994415,3281.332126000052
2,36,deflate_128,DEFLATE,128,2,cold,s3://gis-asset/coverage/6a3bfdd89e3416fefefdf90b/cog/deflate_128.tif,,24,18,4,63.145583000732586,0.9839580015977845,4898.703503000434,4963.667335001446
2,37,deflate_128,DEFLATE,128,5,cold,s3://gis-asset/coverage/6a3bfdd89e3416fefefdf90b/cog/deflate_128.tif,,24,18,4,104.70204200100852,0.6935840010555694,368.3101250007894,474.2042500001844
2,38,zstd_256,ZSTD,256,8,cold,s3://gis-asset/coverage/6a3bfdd89e3416fefefdf90b/cog/zstd_256.tif,,24,18,1,126.13175000115007,1.0391249998065177,4.435291999470792,131.87558299978264
2,39,lzw_128,LZW,128,9,cold,s3://gis-asset/coverage/6a3bfdd89e3416fefefdf90b/cog/lzw_128.tif,,24,18,4,173.0392089993984,0.6647089994658018,511.32795800003805,685.7264169993869
2,40,deflate_512,DEFLATE,512,6,cold,s3://gis-asset/coverage/6a3bfdd89e3416fefefdf90b/cog/deflate_512.tif,,24,18,1,226.9330010003614,0.7897499999671709,12.261124998985906,240.19875000158208
2,41,lzw_256,LZW,256,9,cold,s3://gis-asset/coverage/6a3bfdd89e3416fefefdf90b/cog/lzw_256.tif,,24,18,1,40.41887499988661,0.3515410007821629,4.834583000047132,45.760958000755636
2,42,zstd_512,ZSTD,512,9,cold,s3://gis-asset/coverage/6a3bfdd89e3416fefefdf90b/cog/zstd_512.tif,,24,18,1,76.85070799925597,0.5332919990905793,9.357958000691724,86.98054199885519
2,43,zstd_256,ZSTD,256,2,cold,s3://gis-asset/coverage/6a3bfdd89e3416fefefdf90b/cog/zstd_256.tif,,24,18,1,99.204792000819,0.6073339991417015,4.6770839999226155,104.67616700043436
2,44,lzw_256,LZW,256,8,cold,s3://gis-asset/coverage/6a3bfdd89e3416fefefdf90b/cog/lzw_256.tif,,24,18,1,193.9434159994562,0.998542000161251,5.7582919998822035,200.87354200040863
2,45,lzw_512,LZW,512,4,cold,s3://gis-asset/coverage/6a3bfdd89e3416fefefdf90b/cog/lzw_512.tif,,24,18,1,124.94329199944332,0.6273750004766043,14.771749998544692,140.50991700059967
2,46,lzw_256,LZW,256,2,cold,s3://gis-asset/coverage/6a3bfdd89e3416fefefdf90b/cog/lzw_256.tif,,24,18,1,179.8179170000367,0.5077080004411982,5.076958001154708,185.53166700075963
2,47,lzw_128,LZW,128,4,cold,s3://gis-asset/coverage/6a3bfdd89e3416fefefdf90b/cog/lzw_128.tif,,24,18,4,95.62487500079442,0.6081669998820871,292.45670899945253,389.0717089998361
2,48,zstd_512,ZSTD,512,10,cold,s3://gis-asset/coverage/6a3bfdd89e3416fefefdf90b/cog/zstd_512.tif,,24,18,1,181.29120900084672,0.9586659998603864,8.013125001525623,190.55029199989804
2,49,lzw_512,LZW,512,7,cold,s3://gis-asset/coverage/6a3bfdd89e3416fefefdf90b/cog/lzw_512.tif,,24,18,1,129.548667000563,0.2750830008153571,10.682750000341912,140.6187079992378
2,50,deflate_128,DEFLATE,128,3,cold,s3://gis-asset/coverage/6a3bfdd89e3416fefefdf90b/cog/deflate_128.tif,,24,18,4,131.52883299881069,0.7756659997539828,292.59983299925807,425.30154200176185
2,51,deflate_512,DEFLATE,512,5,cold,s3://gis-asset/coverage/6a3bfdd89e3416fefefdf90b/cog/deflate_512.tif,,24,18,1,74.82587499907822,0.6447079995268723,11.363833998984774,87.02454200101783
2,52,deflate_128,DEFLATE,128,8,cold,s3://gis-asset/coverage/6a3bfdd89e3416fefefdf90b/cog/deflate_128.tif,,24,18,4,69.96541700027592,0.3987499985669274,188.34262499876786,259.20679199953156
2,53,deflate_256,DEFLATE,256,9,cold,s3://gis-asset/coverage/6a3bfdd89e3416fefefdf90b/cog/deflate_256.tif,,24,18,1,127.68045799930405,0.8587080010329373,6.383791998814559,135.06704199971864
2,54,deflate_128,DEFLATE,128,9,cold,s3://gis-asset/coverage/6a3bfdd89e3416fefefdf90b/cog/deflate_128.tif,,24,18,4,83.25658300054783,0.5512499992619269,289.97633300059533,374.13145800019265
2,55,zstd_256,ZSTD,256,4,cold,s3://gis-asset/coverage/6a3bfdd89e3416fefefdf90b/cog/zstd_256.tif,,24,18,1,76.61533300051815,0.6057919999875594,3.8374160012608627,81.34154099934676
2,56,deflate_256,DEFLATE,256,7,cold,s3://gis-asset/coverage/6a3bfdd89e3416fefefdf90b/cog/deflate_256.tif,,24,18,1,57.68245800027216,0.6092080002417788,5.995792000248912,64.42295799934072
2,57,zstd_256,ZSTD,256,1,cold,s3://gis-asset/coverage/6a3bfdd89e3416fefefdf90b/cog/zstd_256.tif,,24,18,1,97.43091699965589,0.8169579996319953,4.267708000043058,102.68729100062046
2,58,zstd_128,ZSTD,128,9,cold,s3://gis-asset/coverage/6a3bfdd89e3416fefefdf90b/cog/zstd_128.tif,,24,18,4,66.31424999977753,0.33237500065297354,303.87258299924724,371.05533400062995
2,59,zstd_256,ZSTD,256,5,cold,s3://gis-asset/coverage/6a3bfdd89e3416fefefdf90b/cog/zstd_256.tif,,24,18,1,49.83899999933783,0.6701670008624205,3.5688750012923265,54.308042001139256
2,60,lzw_128,LZW,128,1,cold,s3://gis-asset/coverage/6a3bfdd89e3416fefefdf90b/cog/lzw_128.tif,,24,18,4,85.33150000039313,0.48183299986703787,275.3508329988108,361.51204199995846
2,61,lzw_256,LZW,256,7,cold,s3://gis-asset/coverage/6a3bfdd89e3416fefefdf90b/cog/lzw_256.tif,,24,18,1,155.95366600064153,0.46475000090140384,4.61354199978814,161.2508339985652
2,62,zstd_512,ZSTD,512,4,cold,s3://gis-asset/coverage/6a3bfdd89e3416fefefdf90b/cog/zstd_512.tif,,24,18,1,42.38633400018443,0.6221249986992916,7.868958000472048,51.296042000103625
2,63,zstd_512,ZSTD,512,7,cold,s3://gis-asset/coverage/6a3bfdd89e3416fefefdf90b/cog/zstd_512.tif,,24,18,1,42.6764589992672,0.3777089987124782,7.157916999858571,50.538250001409324
2,64,deflate_512,DEFLATE,512,4,cold,s3://gis-asset/coverage/6a3bfdd89e3416fefefdf90b/cog/deflate_512.tif,,24,18,1,70.3295839994098,0.6349169998429716,9.048042000358691,80.17187599944009
2,65,deflate_512,DEFLATE,512,7,cold,s3://gis-asset/coverage/6a3bfdd89e3416fefefdf90b/cog/deflate_512.tif,,24,18,1,407.0164170007047,0.3476659985608421,10.653084000296076,418.1566660008684
2,66,deflate_128,DEFLATE,128,6,cold,s3://gis-asset/coverage/6a3bfdd89e3416fefefdf90b/cog/deflate_128.tif,,24,18,4,266.03650099968945,0.8050420001382008,1765.947251000398,2033.6055850002595
2,67,deflate_256,DEFLATE,256,6,cold,s3://gis-asset/coverage/6a3bfdd89e3416fefefdf90b/cog/deflate_256.tif,,24,18,1,113.05616699974053,0.762708001275314,4.242166000040015,118.25220799983072
2,68,zstd_512,ZSTD,512,1,cold,s3://gis-asset/coverage/6a3bfdd89e3416fefefdf90b/cog/zstd_512.tif,,24,18,1,472.6031249992957,0.870292000399786,8.959832999607897,482.9125420001219
2,69,lzw_128,LZW,128,10,cold,s3://gis-asset/coverage/6a3bfdd89e3416fefefdf90b/cog/lzw_128.tif,,24,18,4,103.53283299991745,0.45879100071033463,1243.0030010000337,1347.4098339993361
2,70,lzw_512,LZW,512,3,cold,s3://gis-asset/coverage/6a3bfdd89e3416fefefdf90b/cog/lzw_512.tif,,24,18,1,69.73745799950848,0.7265839994943235,12.400416999298614,83.10345899917593
2,71,lzw_256,LZW,256,3,cold,s3://gis-asset/coverage/6a3bfdd89e3416fefefdf90b/cog/lzw_256.tif,,24,18,1,140.03937500092434,0.6274999996094266,5.014458000005106,145.82591700127523
2,72,deflate_512,DEFLATE,512,2,cold,s3://gis-asset/coverage/6a3bfdd89e3416fefefdf90b/cog/deflate_512.tif,,24,18,1,649.5952499990381,0.6844590006949147,11.767791998863686,662.1752510000078
2,73,zstd_128,ZSTD,128,1,cold,s3://gis-asset/coverage/6a3bfdd89e3416fefefdf90b/cog/zstd_128.tif,,24,18,4,73.40383399969141,0.48437500117870513,765.5497920004564,840.0666249999631
2,74,lzw_512,LZW,512,2,cold,s3://gis-asset/coverage/6a3bfdd89e3416fefefdf90b/cog/lzw_512.tif,,24,18,1,108.98608299976331,0.7900829987192992,12.797040999430465,122.87516700052947
2,75,lzw_128,LZW,128,8,cold,s3://gis-asset/coverage/6a3bfdd89e3416fefefdf90b/cog/lzw_128.tif,,24,18,4,85.50324999851,0.5310420001478633,1800.0597080008447,1886.736792001102
2,76,lzw_512,LZW,512,8,cold,s3://gis-asset/coverage/6a3bfdd89e3416fefefdf90b/cog/lzw_512.tif,,24,18,1,170.85270799907448,0.7439590008289088,13.932416999523412,185.8481250001205
2,77,zstd_128,ZSTD,128,10,cold,s3://gis-asset/coverage/6a3bfdd89e3416fefefdf90b/cog/zstd_128.tif,,24,18,4,87.22054099962406,0.5955830001767026,715.2445840001747,803.6559580014
2,78,lzw_256,LZW,256,4,cold,s3://gis-asset/coverage/6a3bfdd89e3416fefefdf90b/cog/lzw_256.tif,,24,18,1,50.5022920006013,0.4848749995289836,5.069333999927039,56.21616700045706
2,79,lzw_256,LZW,256,6,cold,s3://gis-asset/coverage/6a3bfdd89e3416fefefdf90b/cog/lzw_256.tif,,24,18,1,65.37408400072309,0.47525000081805047,4.605416999766021,70.64024999999674
2,80,zstd_128,ZSTD,128,6,cold,s3://gis-asset/coverage/6a3bfdd89e3416fefefdf90b/cog/zstd_128.tif,,24,18,4,115.62374999994063,0.6122080012573861,1998.378293001224,2115.4005009993853
2,81,lzw_256,LZW,256,10,cold,s3://gis-asset/coverage/6a3bfdd89e3416fefefdf90b/cog/lzw_256.tif,,24,18,1,85.16008299920941,0.8506249996571569,5.067958001745865,91.36520799984282
2,82,lzw_128,LZW,128,7,cold,s3://gis-asset/coverage/6a3bfdd89e3416fefefdf90b/cog/lzw_128.tif,,24,18,4,112.0718330003001,0.41562499973224476,1806.4340839991928,1919.5023340016633
2,83,lzw_512,LZW,512,9,cold,s3://gis-asset/coverage/6a3bfdd89e3416fefefdf90b/cog/lzw_512.tif,,24,18,1,705.3011670013802,0.7765840000502067,15.308874999391264,721.5986249993875
2,84,zstd_256,ZSTD,256,10,cold,s3://gis-asset/coverage/6a3bfdd89e3416fefefdf90b/cog/zstd_256.tif,,24,18,1,164.3086250005581,0.7632920005562482,4.280083001503954,169.73183400114067
2,85,deflate_512,DEFLATE,512,8,cold,s3://gis-asset/coverage/6a3bfdd89e3416fefefdf90b/cog/deflate_512.tif,,24,18,1,424.73812500065833,0.7134170009521767,12.732040999253513,438.3832920011628
2,86,zstd_512,ZSTD,512,8,cold,s3://gis-asset/coverage/6a3bfdd89e3416fefefdf90b/cog/zstd_512.tif,,24,18,1,123.2590830004483,0.857790999361896,9.187499999825377,133.5294159998739
2,87,deflate_256,DEFLATE,256,4,cold,s3://gis-asset/coverage/6a3bfdd89e3416fefefdf90b/cog/deflate_256.tif,,24,18,1,104.04870800084609,0.6507500002044253,4.627624999557156,109.46437500024331
2,88,zstd_512,ZSTD,512,2,cold,s3://gis-asset/coverage/6a3bfdd89e3416fefefdf90b/cog/zstd_512.tif,,24,18,1,408.8633329993172,0.678999998854124,8.20700000076613,418.036042001404
2,89,zstd_128,ZSTD,128,4,cold,s3://gis-asset/coverage/6a3bfdd89e3416fefefdf90b/cog/zstd_128.tif,,24,18,4,75.88195800053654,0.48254200009978376,681.5607089993136,758.3935000002384
2,90,lzw_128,LZW,128,3,cold,s3://gis-asset/coverage/6a3bfdd89e3416fefefdf90b/cog/lzw_128.tif,,24,18,4,54.5877090007707,0.34795800092979334,2254.056875999595,2309.58154200016
3,1,deflate_256,DEFLATE,256,9,cold,s3://gis-asset/coverage/6a3bfdd89e3416fefefdf90b/cog/deflate_256.tif,,24,18,1,133.9548330015532,0.6728340013069101,4.527040999164456,139.37716700093006
3,2,lzw_512,LZW,512,9,cold,s3://gis-asset/coverage/6a3bfdd89e3416fefefdf90b/cog/lzw_512.tif,,24,18,1,89.53250000013213,0.7041249991743825,11.307582999506849,101.71700000137207
3,3,lzw_256,LZW,256,8,cold,s3://gis-asset/coverage/6a3bfdd89e3416fefefdf90b/cog/lzw_256.tif,,24,18,1,55.65095800011477,0.6603750007343479,4.891792001217254,61.49112499952025
3,4,lzw_256,LZW,256,3,cold,s3://gis-asset/coverage/6a3bfdd89e3416fefefdf90b/cog/lzw_256.tif,,24,18,1,50.42562500057102,0.7144160008465406,4.998415999580175,56.42854199868452
3,5,lzw_128,LZW,128,5,cold,s3://gis-asset/coverage/6a3bfdd89e3416fefefdf90b/cog/lzw_128.tif,,24,18,4,66.69783299912524,0.6726669998897705,529.5013329996436,597.2403760006273
3,6,deflate_128,DEFLATE,128,7,cold,s3://gis-asset/coverage/6a3bfdd89e3416fefefdf90b/cog/deflate_128.tif,,24,18,4,72.37954199990781,0.7307500000024447,577.9414589997032,651.6774170013377
3,7,lzw_512,LZW,512,5,cold,s3://gis-asset/coverage/6a3bfdd89e3416fefefdf90b/cog/lzw_512.tif,,24,18,1,645.3273329989315,0.41370799954165705,11.250250001467066,657.1557919996849
3,8,deflate_512,DEFLATE,512,4,cold,s3://gis-asset/coverage/6a3bfdd89e3416fefefdf90b/cog/deflate_512.tif,,24,18,1,83.0684159991506,0.3768330007005716,10.894290999203804,94.45724999932281
3,9,lzw_256,LZW,256,2,cold,s3://gis-asset/coverage/6a3bfdd89e3416fefefdf90b/cog/lzw_256.tif,,24,18,1,80.54020900090109,0.681416000588797,6.058458000552491,87.4104160011484
3,10,deflate_512,DEFLATE,512,6,cold,s3://gis-asset/coverage/6a3bfdd89e3416fefefdf90b/cog/deflate_512.tif,,24,18,1,57.73975000010978,0.37620800139848143,11.426292001488036,69.66724999983853
3,11,deflate_512,DEFLATE,512,2,cold,s3://gis-asset/coverage/6a3bfdd89e3416fefefdf90b/cog/deflate_512.tif,,24,18,1,103.11850099969888,0.45316700015973765,10.873208000703016,114.56912500034377
3,12,lzw_128,LZW,128,6,cold,s3://gis-asset/coverage/6a3bfdd89e3416fefefdf90b/cog/lzw_128.tif,,24,18,4,64.15262500013341,0.3292920009698719,1389.5192920008412,1454.6767920001002
3,13,deflate_512,DEFLATE,512,7,cold,s3://gis-asset/coverage/6a3bfdd89e3416fefefdf90b/cog/deflate_512.tif,,24,18,1,67.54454099973373,0.5296250001265435,10.394041000836296,78.63312500012398
3,14,zstd_256,ZSTD,256,10,cold,s3://gis-asset/coverage/6a3bfdd89e3416fefefdf90b/cog/zstd_256.tif,,24,18,1,138.0751249998866,0.5539169997064164,3.7370840000221506,142.69441699980234
3,15,lzw_128,LZW,128,3,cold,s3://gis-asset/coverage/6a3bfdd89e3416fefefdf90b/cog/lzw_128.tif,,24,18,4,50.53970900007698,0.5252079990896164,1176.3657929986948,1228.1660419994296
3,16,zstd_512,ZSTD,512,5,cold,s3://gis-asset/coverage/6a3bfdd89e3416fefefdf90b/cog/zstd_512.tif,,24,18,1,107.80133399930492,0.7387090008705854,9.23608300035994,118.09349999930419
3,17,deflate_512,DEFLATE,512,3,cold,s3://gis-asset/coverage/6a3bfdd89e3416fefefdf90b/cog/deflate_512.tif,,24,18,1,199.74250000086613,0.47316699965449516,10.197416999289999,210.50566700068885
3,18,zstd_128,ZSTD,128,4,cold,s3://gis-asset/coverage/6a3bfdd89e3416fefefdf90b/cog/zstd_128.tif,,24,18,4,78.5805409996101,0.5235419994278345,655.6425830003718,735.2189590001217
3,19,deflate_256,DEFLATE,256,2,cold,s3://gis-asset/coverage/6a3bfdd89e3416fefefdf90b/cog/deflate_256.tif,,24,18,1,75.60258299963607,0.7390000009763753,4.949583000779967,81.42112499990617
3,20,deflate_512,DEFLATE,512,1,cold,s3://gis-asset/coverage/6a3bfdd89e3416fefefdf90b/cog/deflate_512.tif,,24,18,1,43.179833999602124,0.33729099959600717,10.191999999733525,53.83845899996231
3,21,lzw_128,LZW,128,10,cold,s3://gis-asset/coverage/6a3bfdd89e3416fefefdf90b/cog/lzw_128.tif,,24,18,4,63.985582999521284,0.47458299923164304,1107.5907909998932,1172.5690000002942
3,22,lzw_512,LZW,512,1,cold,s3://gis-asset/coverage/6a3bfdd89e3416fefefdf90b/cog/lzw_512.tif,,24,18,1,53.2599999987724,0.3744999994523823,13.602958000774379,67.38970799960953
3,23,deflate_128,DEFLATE,128,10,cold,s3://gis-asset/coverage/6a3bfdd89e3416fefefdf90b/cog/deflate_128.tif,,24,18,4,52.30462500003341,0.35599999864643905,934.8895010007254,988.1486250014859
3,24,deflate_256,DEFLATE,256,8,cold,s3://gis-asset/coverage/6a3bfdd89e3416fefefdf90b/cog/deflate_256.tif,,24,18,1,71.26829099979659,0.9569169997121207,4.69850000081351,77.08054199974868
3,25,lzw_512,LZW,512,3,cold,s3://gis-asset/coverage/6a3bfdd89e3416fefefdf90b/cog/lzw_512.tif,,24,18,1,65.33441600004153,0.4854159997194074,11.053333000745624,77.09491700006765
3,26,lzw_256,LZW,256,1,cold,s3://gis-asset/coverage/6a3bfdd89e3416fefefdf90b/cog/lzw_256.tif,,24,18,1,69.70583300062572,0.4162919994996628,4.493667000133428,74.78100000116683
3,27,deflate_128,DEFLATE,128,6,cold,s3://gis-asset/coverage/6a3bfdd89e3416fefefdf90b/cog/deflate_128.tif,,24,18,4,53.41595800018695,0.5671250000887085,533.3610419984325,587.9181250002148
3,28,lzw_256,LZW,256,9,cold,s3://gis-asset/coverage/6a3bfdd89e3416fefefdf90b/cog/lzw_256.tif,,24,18,1,64.26266599919472,0.593374999880325,5.218834001425421,70.31770800131198
3,29,deflate_256,DEFLATE,256,5,cold,s3://gis-asset/coverage/6a3bfdd89e3416fefefdf90b/cog/deflate_256.tif,,24,18,1,56.26037500042003,0.4233330000715796,3.9877089984656777,60.82562499977939
3,30,lzw_256,LZW,256,5,cold,s3://gis-asset/coverage/6a3bfdd89e3416fefefdf90b/cog/lzw_256.tif,,24,18,1,59.22512500001176,0.566707998586935,3.9503749994764803,63.87741599974106
3,31,lzw_512,LZW,512,6,cold,s3://gis-asset/coverage/6a3bfdd89e3416fefefdf90b/cog/lzw_512.tif,,24,18,1,45.794790999934776,0.5184159999771509,15.370249999250518,61.8107919999602
3,32,deflate_128,DEFLATE,128,5,cold,s3://gis-asset/coverage/6a3bfdd89e3416fefefdf90b/cog/deflate_128.tif,,24,18,4,55.79579199911677,0.3656659991975175,666.3736669997888,722.7334580002207
3,33,zstd_128,ZSTD,128,9,cold,s3://gis-asset/coverage/6a3bfdd89e3416fefefdf90b/cog/zstd_128.tif,,24,18,4,38.93245799918077,0.6124999999883585,667.1165419993486,707.3378749992116
3,34,deflate_512,DEFLATE,512,10,cold,s3://gis-asset/coverage/6a3bfdd89e3416fefefdf90b/cog/deflate_512.tif,,24,18,1,67.4772500005929,0.9447079992241925,10.319500001060078,78.8734999987355
3,35,lzw_512,LZW,512,7,cold,s3://gis-asset/coverage/6a3bfdd89e3416fefefdf90b/cog/lzw_512.tif,,24,18,1,128.37066700012656,0.6252909988688771,13.137750000169035,142.34408300035284
3,36,zstd_512,ZSTD,512,2,cold,s3://gis-asset/coverage/6a3bfdd89e3416fefefdf90b/cog/zstd_512.tif,,24,18,1,90.50025000033202,0.6055409994587535,8.510792000379297,99.82587500053342
3,37,lzw_512,LZW,512,2,cold,s3://gis-asset/coverage/6a3bfdd89e3416fefefdf90b/cog/lzw_512.tif,,24,18,1,69.36599999971804,0.4928329999529524,11.798958999861497,81.86716599993815
3,38,deflate_256,DEFLATE,256,7,cold,s3://gis-asset/coverage/6a3bfdd89e3416fefefdf90b/cog/deflate_256.tif,,24,18,1,75.55670900001132,0.5515000011655502,5.650832999890554,81.88549999977113
3,39,zstd_256,ZSTD,256,9,cold,s3://gis-asset/coverage/6a3bfdd89e3416fefefdf90b/cog/zstd_256.tif,,24,18,1,186.57791700024973,0.9300000001530861,4.075332999491366,191.75941700086696
3,40,deflate_256,DEFLATE,256,10,cold,s3://gis-asset/coverage/6a3bfdd89e3416fefefdf90b/cog/deflate_256.tif,,24,18,1,75.79158400039887,0.48858400077733677,4.023125000458094,80.46612500038464
3,41,zstd_256,ZSTD,256,4,cold,s3://gis-asset/coverage/6a3bfdd89e3416fefefdf90b/cog/zstd_256.tif,,24,18,1,66.15670899918769,0.6434999995690305,4.247458000463666,71.28104200091911
3,42,zstd_256,ZSTD,256,7,cold,s3://gis-asset/coverage/6a3bfdd89e3416fefefdf90b/cog/zstd_256.tif,,24,18,1,51.26275000111491,0.36204199932399206,2.968041999338311,54.77091699867742
3,43,lzw_128,LZW,128,8,cold,s3://gis-asset/coverage/6a3bfdd89e3416fefefdf90b/cog/lzw_128.tif,,24,18,4,49.338041000737576,0.5402080005296739,1194.4110419990466,1244.6720420011843
3,44,zstd_128,ZSTD,128,2,cold,s3://gis-asset/coverage/6a3bfdd89e3416fefefdf90b/cog/zstd_128.tif,,24,18,4,146.25383299971872,0.9901249995891703,932.5392920000013,1080.4362090002542
3,45,deflate_256,DEFLATE,256,6,cold,s3://gis-asset/coverage/6a3bfdd89e3416fefefdf90b/cog/deflate_256.tif,,24,18,1,118.70495799848868,0.6080830007704208,4.498124999372521,123.95320900031948
3,46,deflate_128,DEFLATE,128,3,cold,s3://gis-asset/coverage/6a3bfdd89e3416fefefdf90b/cog/deflate_128.tif,,24,18,4,43.43108400098572,0.5907089998800075,698.959167000794,743.6765829988872
3,47,lzw_128,LZW,128,7,cold,s3://gis-asset/coverage/6a3bfdd89e3416fefefdf90b/cog/lzw_128.tif,,24,18,4,51.16979200101923,0.7102079998730915,1681.7183760012995,1734.0936259988666
3,48,zstd_256,ZSTD,256,3,cold,s3://gis-asset/coverage/6a3bfdd89e3416fefefdf90b/cog/zstd_256.tif,,24,18,1,61.088499998732004,0.6435840004996862,3.528208000716404,65.51299999955518
3,49,zstd_512,ZSTD,512,6,cold,s3://gis-asset/coverage/6a3bfdd89e3416fefefdf90b/cog/zstd_512.tif,,24,18,1,74.04054200014798,0.4341670010035159,7.193333000031998,81.92858300026273
3,50,lzw_128,LZW,128,9,cold,s3://gis-asset/coverage/6a3bfdd89e3416fefefdf90b/cog/lzw_128.tif,,24,18,4,57.11770800007798,0.6302920010057278,835.943624999345,894.314499999382
3,51,zstd_128,ZSTD,128,6,cold,s3://gis-asset/coverage/6a3bfdd89e3416fefefdf90b/cog/zstd_128.tif,,24,18,4,69.06899999921734,0.6507910002255812,850.0252499998169,920.4924170007871
3,52,deflate_512,DEFLATE,512,5,cold,s3://gis-asset/coverage/6a3bfdd89e3416fefefdf90b/cog/deflate_512.tif,,24,18,1,54.1852509995806,0.9009999994304962,11.512959001265699,66.74741700044251
3,53,zstd_256,ZSTD,256,5,cold,s3://gis-asset/coverage/6a3bfdd89e3416fefefdf90b/cog/zstd_256.tif,,24,18,1,59.877249999772175,0.4889170013484545,3.5299580013088416,64.16933400032576
3,54,deflate_128,DEFLATE,128,1,cold,s3://gis-asset/coverage/6a3bfdd89e3416fefefdf90b/cog/deflate_128.tif,,24,18,4,60.01904200093122,0.37037499896541703,467.9513750015758,528.9191249994474
3,55,lzw_256,LZW,256,6,cold,s3://gis-asset/coverage/6a3bfdd89e3416fefefdf90b/cog/lzw_256.tif,,24,18,1,48.53654200087476,0.5856249990756623,4.963708001014311,54.257583999060444
3,56,lzw_256,LZW,256,7,cold,s3://gis-asset/coverage/6a3bfdd89e3416fefefdf90b/cog/lzw_256.tif,,24,18,1,109.9517080001533,0.6040409989509499,6.613540999751422,117.33975000061037
3,57,lzw_256,LZW,256,10,cold,s3://gis-asset/coverage/6a3bfdd89e3416fefefdf90b/cog/lzw_256.tif,,24,18,1,37.867417000597925,0.30449999940174166,4.216040999381221,42.53391699967324
3,58,zstd_512,ZSTD,512,3,cold,s3://gis-asset/coverage/6a3bfdd89e3416fefefdf90b/cog/zstd_512.tif,,24,18,1,50.768082999638864,0.41458299892838113,7.949791999635636,59.47179200120445
3,59,deflate_128,DEFLATE,128,8,cold,s3://gis-asset/coverage/6a3bfdd89e3416fefefdf90b/cog/deflate_128.tif,,24,18,4,52.72579099982977,0.7311669996852288,426.8190839993622,480.6845839993912
3,60,deflate_256,DEFLATE,256,3,cold,s3://gis-asset/coverage/6a3bfdd89e3416fefefdf90b/cog/deflate_256.tif,,24,18,1,53.00866699872131,0.7743330006633187,4.777916999955778,58.75320799896144
3,61,zstd_512,ZSTD,512,8,cold,s3://gis-asset/coverage/6a3bfdd89e3416fefefdf90b/cog/zstd_512.tif,,24,18,1,370.7337079995341,0.3580410011636559,7.819624999683583,379.14154200007033
3,62,deflate_512,DEFLATE,512,9,cold,s3://gis-asset/coverage/6a3bfdd89e3416fefefdf90b/cog/deflate_512.tif,,24,18,1,70.17091700072342,0.515667001309339,9.045124999829568,79.9227499992412
3,63,zstd_128,ZSTD,128,1,cold,s3://gis-asset/coverage/6a3bfdd89e3416fefefdf90b/cog/zstd_128.tif,,24,18,4,61.28958299996157,0.5231249997450504,611.9719580001401,674.3283340001653
3,64,deflate_128,DEFLATE,128,2,cold,s3://gis-asset/coverage/6a3bfdd89e3416fefefdf90b/cog/deflate_128.tif,,24,18,4,88.67612500034738,0.8044999995036051,1098.4113340000476,1188.3363760007342
3,65,zstd_128,ZSTD,128,3,cold,s3://gis-asset/coverage/6a3bfdd89e3416fefefdf90b/cog/zstd_128.tif,,24,18,4,515.9013749998849,0.6518339996546274,1564.395917001093,2081.5125009994517
3,66,zstd_256,ZSTD,256,6,cold,s3://gis-asset/coverage/6a3bfdd89e3416fefefdf90b/cog/zstd_256.tif,,24,18,1,177.9960410003696,0.6113750005170004,3.972042000896181,182.88862500048708
3,67,deflate_512,DEFLATE,512,8,cold,s3://gis-asset/coverage/6a3bfdd89e3416fefefdf90b/cog/deflate_512.tif,,24,18,1,475.1762089999829,1.0570829999778653,9.609708000425599,485.99366700000246
3,68,deflate_256,DEFLATE,256,4,cold,s3://gis-asset/coverage/6a3bfdd89e3416fefefdf90b/cog/deflate_256.tif,,24,18,1,101.0658750001312,0.47379100033140276,4.2505829987931065,105.99754200120515
3,69,zstd_128,ZSTD,128,7,cold,s3://gis-asset/coverage/6a3bfdd89e3416fefefdf90b/cog/zstd_128.tif,,24,18,4,455.3761259994644,0.7656249999854481,2118.703625999842,2575.75854300012
3,70,zstd_256,ZSTD,256,2,cold,s3://gis-asset/coverage/6a3bfdd89e3416fefefdf90b/cog/zstd_256.tif,,24,18,1,71.5102090016444,0.7527079997089459,3.7806250002176967,76.31154100090498
3,71,zstd_128,ZSTD,128,8,cold,s3://gis-asset/coverage/6a3bfdd89e3416fefefdf90b/cog/zstd_128.tif,,24,18,4,84.50454200101376,0.6134169998404104,866.1447920003411,952.0223749987053
3,72,lzw_128,LZW,128,4,cold,s3://gis-asset/coverage/6a3bfdd89e3416fefefdf90b/cog/lzw_128.tif,,24,18,4,545.2700009991531,0.8217499998863786,1579.2381680003018,2125.9598340002412
3,73,zstd_512,ZSTD,512,7,cold,s3://gis-asset/coverage/6a3bfdd89e3416fefefdf90b/cog/zstd_512.tif,,24,18,1,632.7182919994812,0.43937500049651135,8.116791001157253,641.6005839982972
3,74,zstd_512,ZSTD,512,4,cold,s3://gis-asset/coverage/6a3bfdd89e3416fefefdf90b/cog/zstd_512.tif,,24,18,1,62.5181249997695,0.5955409997113748,8.770082999035367,72.22983300016494
3,75,deflate_128,DEFLATE,128,4,cold,s3://gis-asset/coverage/6a3bfdd89e3416fefefdf90b/cog/deflate_128.tif,,24,18,4,350.1146670005255,0.6079169997974532,1199.5388339983037,1550.896875000035
3,76,lzw_512,LZW,512,8,cold,s3://gis-asset/coverage/6a3bfdd89e3416fefefdf90b/cog/lzw_512.tif,,24,18,1,88.69704199969419,1.0591250011202646,10.922583998763002,100.82495899951027
3,77,lzw_512,LZW,512,10,cold,s3://gis-asset/coverage/6a3bfdd89e3416fefefdf90b/cog/lzw_512.tif,,24,18,1,62.505665999196935,0.3468750001047738,13.080083001113962,76.05762499952107
3,78,zstd_128,ZSTD,128,5,cold,s3://gis-asset/coverage/6a3bfdd89e3416fefefdf90b/cog/zstd_128.tif,,24,18,4,63.325832999908016,0.415082999097649,2302.065125999434,2366.501458998755
3,79,deflate_256,DEFLATE,256,1,cold,s3://gis-asset/coverage/6a3bfdd89e3416fefefdf90b/cog/deflate_256.tif,,24,18,1,121.59845799942559,1.0045420003734762,4.624332999810576,127.42737500047951
3,80,zstd_512,ZSTD,512,1,cold,s3://gis-asset/coverage/6a3bfdd89e3416fefefdf90b/cog/zstd_512.tif,,24,18,1,133.60420800017891,0.9986670011130627,7.911291999334935,142.81695799945737
3,81,zstd_128,ZSTD,128,10,cold,s3://gis-asset/coverage/6a3bfdd89e3416fefefdf90b/cog/zstd_128.tif,,24,18,4,133.24437600022065,0.4619589999492746,1745.365500000844,1879.9064170016209
3,82,zstd_256,ZSTD,256,1,cold,s3://gis-asset/coverage/6a3bfdd89e3416fefefdf90b/cog/zstd_256.tif,,24,18,1,68.1557910011179,1.0857079996640095,3.573083000446786,73.03562500055705
3,83,zstd_512,ZSTD,512,9,cold,s3://gis-asset/coverage/6a3bfdd89e3416fefefdf90b/cog/zstd_512.tif,,24,18,1,62.79091599935782,0.4211669984215405,7.953709000503295,71.5363340004842
3,84,lzw_128,LZW,128,2,cold,s3://gis-asset/coverage/6a3bfdd89e3416fefefdf90b/cog/lzw_128.tif,,24,18,4,43.68391599928145,0.5673750001733424,480.40558400134614,525.2474589997291
3,85,lzw_128,LZW,128,1,cold,s3://gis-asset/coverage/6a3bfdd89e3416fefefdf90b/cog/lzw_128.tif,,24,18,4,46.980625000287546,0.623249999989639,241.72883400024148,289.6844589995453
3,86,lzw_256,LZW,256,4,cold,s3://gis-asset/coverage/6a3bfdd89e3416fefefdf90b/cog/lzw_256.tif,,24,18,1,46.97283399946173,0.6980840007599909,4.757542001243564,52.63970800115203
3,87,zstd_512,ZSTD,512,10,cold,s3://gis-asset/coverage/6a3bfdd89e3416fefefdf90b/cog/zstd_512.tif,,24,18,1,364.4369160010683,0.40962500133900903,7.81170800109976,372.89570800021465
3,88,lzw_512,LZW,512,4,cold,s3://gis-asset/coverage/6a3bfdd89e3416fefefdf90b/cog/lzw_512.tif,,24,18,1,63.697416000650264,0.5565000010392396,14.444124999499763,78.8675419989886
3,89,zstd_256,ZSTD,256,8,cold,s3://gis-asset/coverage/6a3bfdd89e3416fefefdf90b/cog/zstd_256.tif,,24,18,1,60.45804200039129,0.3909999995812541,3.741541999261244,64.91570900107035
3,90,deflate_128,DEFLATE,128,9,cold,s3://gis-asset/coverage/6a3bfdd89e3416fefefdf90b/cog/deflate_128.tif,,24,18,4,81.74412599873904,0.7412499999190914,445.08924999900046,528.090792000512
4,1,zstd_128,ZSTD,128,3,cold,s3://gis-asset/coverage/6a3bfdd89e3416fefefdf90b/cog/zstd_128.tif,,24,18,4,41.173042000082205,0.404500000513508,102.22033299942268,144.11920800012012
4,2,deflate_512,DEFLATE,512,2,cold,s3://gis-asset/coverage/6a3bfdd89e3416fefefdf90b/cog/deflate_512.tif,,24,18,1,50.91891699885309,0.34337499891989864,8.943082999394392,60.37220800135401
4,3,zstd_512,ZSTD,512,8,cold,s3://gis-asset/coverage/6a3bfdd89e3416fefefdf90b/cog/zstd_512.tif,,24,18,1,40.043332999630366,0.3700830002344446,7.128125000235741,47.80966699945566
4,4,zstd_256,ZSTD,256,8,cold,s3://gis-asset/coverage/6a3bfdd89e3416fefefdf90b/cog/zstd_256.tif,,24,18,1,143.35145800032478,0.3908750004484318,3.248083001381019,147.22600000095554
4,5,lzw_128,LZW,128,8,cold,s3://gis-asset/coverage/6a3bfdd89e3416fefefdf90b/cog/lzw_128.tif,,24,18,4,51.08691700115742,0.48716700075601693,121.13145799958147,173.33829199924367
4,6,lzw_512,LZW,512,1,cold,s3://gis-asset/coverage/6a3bfdd89e3416fefefdf90b/cog/lzw_512.tif,,24,18,1,52.82945900034974,1.0636669994710246,15.290666999135283,69.40445899999759
4,7,zstd_512,ZSTD,512,5,cold,s3://gis-asset/coverage/6a3bfdd89e3416fefefdf90b/cog/zstd_512.tif,,24,18,1,44.10687500057975,0.3424159986025188,7.708749999437714,52.419000001464156
4,8,lzw_512,LZW,512,2,cold,s3://gis-asset/coverage/6a3bfdd89e3416fefefdf90b/cog/lzw_512.tif,,24,18,1,55.44383300002664,0.4039169998577563,14.461665999988327,70.4510420000588
4,9,deflate_128,DEFLATE,128,2,cold,s3://gis-asset/coverage/6a3bfdd89e3416fefefdf90b/cog/deflate_128.tif,,24,18,4,32.64816600130871,0.2832909995049704,172.20737499883398,205.4754580003646
4,10,deflate_256,DEFLATE,256,7,cold,s3://gis-asset/coverage/6a3bfdd89e3416fefefdf90b/cog/deflate_256.tif,,24,18,1,44.57891600031871,0.64458300039405,7.614666999870678,52.98775000119349
4,11,lzw_256,LZW,256,1,cold,s3://gis-asset/coverage/6a3bfdd89e3416fefefdf90b/cog/lzw_256.tif,,24,18,1,196.393291998902,0.6942500003788155,5.271083000479848,202.4868329990568
4,12,zstd_256,ZSTD,256,5,cold,s3://gis-asset/coverage/6a3bfdd89e3416fefefdf90b/cog/zstd_256.tif,,24,18,1,53.488333000132116,0.3340419989399379,3.57445900044695,57.68375000116066
4,13,deflate_128,DEFLATE,128,9,cold,s3://gis-asset/coverage/6a3bfdd89e3416fefefdf90b/cog/deflate_128.tif,,24,18,4,47.19804199885402,0.5632910015265225,229.06950000106008,277.1452920005686
4,14,lzw_256,LZW,256,10,cold,s3://gis-asset/coverage/6a3bfdd89e3416fefefdf90b/cog/lzw_256.tif,,24,18,1,83.90966700062563,0.6717090000165626,4.938916999890353,89.68920799998159
4,15,lzw_512,LZW,512,5,cold,s3://gis-asset/coverage/6a3bfdd89e3416fefefdf90b/cog/lzw_512.tif,,24,18,1,58.06574999951408,0.8033329995669192,12.351999999737018,71.43104199894879
4,16,lzw_128,LZW,128,7,cold,s3://gis-asset/coverage/6a3bfdd89e3416fefefdf90b/cog/lzw_128.tif,,24,18,4,51.99804099902394,0.32758300039859023,188.08583300051396,240.86583300049824
4,17,deflate_512,DEFLATE,512,8,cold,s3://gis-asset/coverage/6a3bfdd89e3416fefefdf90b/cog/deflate_512.tif,,24,18,1,44.83516700020118,0.5733750003855675,9.599791999789886,55.15445800119778
4,18,zstd_512,ZSTD,512,4,cold,s3://gis-asset/coverage/6a3bfdd89e3416fefefdf90b/cog/zstd_512.tif,,24,18,1,42.715459001556155,0.2702919991861563,7.692000001043198,50.929791999806184
4,19,lzw_512,LZW,512,6,cold,s3://gis-asset/coverage/6a3bfdd89e3416fefefdf90b/cog/lzw_512.tif,,24,18,1,211.18345799914096,0.4704590010078391,14.91491699925973,226.75504200014984
4,20,lzw_128,LZW,128,2,cold,s3://gis-asset/coverage/6a3bfdd89e3416fefefdf90b/cog/lzw_128.tif,,24,18,4,94.82424999987416,0.5981660015095258,269.076042000961,364.8766250007611
4,21,deflate_256,DEFLATE,256,10,cold,s3://gis-asset/coverage/6a3bfdd89e3416fefefdf90b/cog/deflate_256.tif,,24,18,1,43.601249999483116,0.43408300007286016,5.127999998876476,49.31545900035417
4,22,lzw_128,LZW,128,4,cold,s3://gis-asset/coverage/6a3bfdd89e3416fefefdf90b/cog/lzw_128.tif,,24,18,4,41.963292000218644,0.3423750004003523,109.06991599949833,151.6859579987795
4,23,zstd_512,ZSTD,512,2,cold,s3://gis-asset/coverage/6a3bfdd89e3416fefefdf90b/cog/zstd_512.tif,,24,18,1,42.550000000119326,0.7398750003630994,10.626916999171954,54.232458998740185
4,24,lzw_256,LZW,256,5,cold,s3://gis-asset/coverage/6a3bfdd89e3416fefefdf90b/cog/lzw_256.tif,,24,18,1,67.53320800089568,0.5764170000475133,4.195457999230712,72.45391700053005
4,25,zstd_128,ZSTD,128,7,cold,s3://gis-asset/coverage/6a3bfdd89e3416fefefdf90b/cog/zstd_128.tif,,24,18,4,48.03912500028673,0.5631250005535549,103.6780419999559,152.93941699928837
4,26,lzw_128,LZW,128,6,cold,s3://gis-asset/coverage/6a3bfdd89e3416fefefdf90b/cog/lzw_128.tif,,24,18,4,69.07562499873166,0.7424579998769332,123.51079200016102,193.62004100003105
4,27,deflate_128,DEFLATE,128,7,cold,s3://gis-asset/coverage/6a3bfdd89e3416fefefdf90b/cog/deflate_128.tif,,24,18,4,48.2764579992363,0.6411670001398306,183.65445899871702,232.94108399932156
4,28,deflate_256,DEFLATE,256,6,cold,s3://gis-asset/coverage/6a3bfdd89e3416fefefdf90b/cog/deflate_256.tif,,24,18,1,43.154375000085565,0.4897500002698507,4.125249999560765,47.923500000251806
4,29,deflate_128,DEFLATE,128,1,cold,s3://gis-asset/coverage/6a3bfdd89e3416fefefdf90b/cog/deflate_128.tif,,24,18,4,51.97737500020594,0.5564170005527558,189.77691699910793,242.84074999923178
4,30,deflate_128,DEFLATE,128,3,cold,s3://gis-asset/coverage/6a3bfdd89e3416fefefdf90b/cog/deflate_128.tif,,24,18,4,66.70545800079708,0.5418330001702998,125.99629100077436,193.5821669994766
4,31,deflate_512,DEFLATE,512,6,cold,s3://gis-asset/coverage/6a3bfdd89e3416fefefdf90b/cog/deflate_512.tif,,24,18,1,50.830916999984765,0.5272079997666879,11.362667000867077,62.88458400013042
4,32,lzw_128,LZW,128,10,cold,s3://gis-asset/coverage/6a3bfdd89e3416fefefdf90b/cog/lzw_128.tif,,24,18,4,50.75145900082134,0.45966699872224126,196.58137500118755,248.22712499917543
4,33,zstd_128,ZSTD,128,10,cold,s3://gis-asset/coverage/6a3bfdd89e3416fefefdf90b/cog/zstd_128.tif,,24,18,4,54.50299999938579,0.5031250002502929,236.36399999850255,291.99145800157567
4,34,lzw_512,LZW,512,7,cold,s3://gis-asset/coverage/6a3bfdd89e3416fefefdf90b/cog/lzw_512.tif,,24,18,1,65.4789999989589,0.8254999993368983,13.787916999717709,80.28033300070092
4,35,lzw_256,LZW,256,4,cold,s3://gis-asset/coverage/6a3bfdd89e3416fefefdf90b/cog/lzw_256.tif,,24,18,1,44.19133299961686,0.39149999975052197,4.667332999815699,49.37587499989604
4,36,zstd_128,ZSTD,128,8,cold,s3://gis-asset/coverage/6a3bfdd89e3416fefefdf90b/cog/zstd_128.tif,,24,18,4,61.65866700030165,0.589165998462704,130.86124999972526,193.7880839996069
4,37,lzw_128,LZW,128,3,cold,s3://gis-asset/coverage/6a3bfdd89e3416fefefdf90b/cog/lzw_128.tif,,24,18,4,61.295375000554486,0.6951659997866955,216.6168750009092,278.98204200027976
4,38,zstd_256,ZSTD,256,9,cold,s3://gis-asset/coverage/6a3bfdd89e3416fefefdf90b/cog/zstd_256.tif,,24,18,1,103.73995800000557,0.7778750004945323,3.656667000541347,108.39083300015773
4,39,zstd_512,ZSTD,512,7,cold,s3://gis-asset/coverage/6a3bfdd89e3416fefefdf90b/cog/zstd_512.tif,,24,18,1,100.0663339982566,0.43908299994654953,8.187124998585205,108.93299999952433
4,40,lzw_256,LZW,256,6,cold,s3://gis-asset/coverage/6a3bfdd89e3416fefefdf90b/cog/lzw_256.tif,,24,18,1,51.74629199973424,0.3696670009958325,4.285041999537498,56.57074999908218
4,41,deflate_256,DEFLATE,256,3,cold,s3://gis-asset/coverage/6a3bfdd89e3416fefefdf90b/cog/deflate_256.tif,,24,18,1,144.0913329988689,0.5742499997722916,5.055666000771453,149.86791699993773
4,42,deflate_512,DEFLATE,512,7,cold,s3://gis-asset/coverage/6a3bfdd89e3416fefefdf90b/cog/deflate_512.tif,,24,18,1,88.76479200080212,0.7702080001763534,11.032333000912331,100.68837499966321
4,43,deflate_512,DEFLATE,512,10,cold,s3://gis-asset/coverage/6a3bfdd89e3416fefefdf90b/cog/deflate_512.tif,,24,18,1,53.200958000161336,0.34991700158570893,10.037625001132255,63.71887500063167
4,44,deflate_512,DEFLATE,512,4,cold,s3://gis-asset/coverage/6a3bfdd89e3416fefefdf90b/cog/deflate_512.tif,,24,18,1,49.250000000029104,0.3227910001442069,8.705999998710467,58.43870799981232
4,45,deflate_256,DEFLATE,256,2,cold,s3://gis-asset/coverage/6a3bfdd89e3416fefefdf90b/cog/deflate_256.tif,,24,18,1,64.30420800097636,0.3812909999396652,3.9249170004040934,68.7655839992658
4,46,zstd_256,ZSTD,256,4,cold,s3://gis-asset/coverage/6a3bfdd89e3416fefefdf90b/cog/zstd_256.tif,,24,18,1,56.1295000006794,0.5664999989676289,4.737625000416301,61.69470900022134
4,47,zstd_256,ZSTD,256,6,cold,s3://gis-asset/coverage/6a3bfdd89e3416fefefdf90b/cog/zstd_256.tif,,24,18,1,61.06787499993516,0.519499999427353,3.5658329998113913,65.42679199992563
4,48,zstd_256,ZSTD,256,10,cold,s3://gis-asset/coverage/6a3bfdd89e3416fefefdf90b/cog/zstd_256.tif,,24,18,1,42.70787499990547,0.35529100023268256,3.2862499992916128,46.572291999837034
4,49,lzw_128,LZW,128,5,cold,s3://gis-asset/coverage/6a3bfdd89e3416fefefdf90b/cog/lzw_128.tif,,24,18,4,87.44333400136384,0.583041000936646,234.66412500056322,323.0806259998644
4,50,deflate_128,DEFLATE,128,5,cold,s3://gis-asset/coverage/6a3bfdd89e3416fefefdf90b/cog/deflate_128.tif,,24,18,4,68.5980420003034,0.6865000013931422,207.83441599996877,277.6819999999134
4,51,lzw_256,LZW,256,7,cold,s3://gis-asset/coverage/6a3bfdd89e3416fefefdf90b/cog/lzw_256.tif,,24,18,1,66.6020419994311,0.6885000002512243,4.719832999398932,72.17279200085613
4,52,lzw_128,LZW,128,1,cold,s3://gis-asset/coverage/6a3bfdd89e3416fefefdf90b/cog/lzw_128.tif,,24,18,4,72.96354200116184,0.5763330009358469,153.10354199937137,227.02229199967405
4,53,deflate_256,DEFLATE,256,1,cold,s3://gis-asset/coverage/6a3bfdd89e3416fefefdf90b/cog/deflate_256.tif,,24,18,1,75.70987500002957,0.9566669996274868,4.172291999566369,80.96729099997901
4,54,deflate_128,DEFLATE,128,6,cold,s3://gis-asset/coverage/6a3bfdd89e3416fefefdf90b/cog/deflate_128.tif,,24,18,4,65.69691699951363,0.38929099900997244,123.02366699987033,189.3794589996105
4,55,lzw_512,LZW,512,10,cold,s3://gis-asset/coverage/6a3bfdd89e3416fefefdf90b/cog/lzw_512.tif,,24,18,1,49.055542000132846,0.6999170000199229,11.778791000324418,61.745584000163944
4,56,lzw_512,LZW,512,4,cold,s3://gis-asset/coverage/6a3bfdd89e3416fefefdf90b/cog/lzw_512.tif,,24,18,1,61.46266699943226,0.5915420006203931,13.17212499998277,75.43999999870721
4,57,lzw_256,LZW,256,3,cold,s3://gis-asset/coverage/6a3bfdd89e3416fefefdf90b/cog/lzw_256.tif,,24,18,1,64.56120800066856,0.6765409998479299,4.600583999490482,69.97020799826714
4,58,deflate_512,DEFLATE,512,5,cold,s3://gis-asset/coverage/6a3bfdd89e3416fefefdf90b/cog/deflate_512.tif,,24,18,1,93.49816699977964,0.5761659995187074,12.468708000596962,106.7395829995803
4,59,zstd_128,ZSTD,128,5,cold,s3://gis-asset/coverage/6a3bfdd89e3416fefefdf90b/cog/zstd_128.tif,,24,18,4,107.57487499904528,0.8562499988329364,170.5006249994767,279.4766670012905
4,60,deflate_512,DEFLATE,512,9,cold,s3://gis-asset/coverage/6a3bfdd89e3416fefefdf90b/cog/deflate_512.tif,,24,18,1,70.28704200092761,0.5198750004637986,8.838292000291403,79.82212499882735
4,61,zstd_256,ZSTD,256,3,cold,s3://gis-asset/coverage/6a3bfdd89e3416fefefdf90b/cog/zstd_256.tif,,24,18,1,97.44283399959386,0.9546670007694047,3.0971659998613177,101.70475000086299
4,62,zstd_256,ZSTD,256,2,cold,s3://gis-asset/coverage/6a3bfdd89e3416fefefdf90b/cog/zstd_256.tif,,24,18,1,100.05983300106891,0.5978749995847465,3.577624998797546,104.52395799984515
4,63,lzw_256,LZW,256,9,cold,s3://gis-asset/coverage/6a3bfdd89e3416fefefdf90b/cog/lzw_256.tif,,24,18,1,61.468625000998145,0.5498749997059349,6.823458999861032,68.95395799983817
4,64,deflate_128,DEFLATE,128,10,cold,s3://gis-asset/coverage/6a3bfdd89e3416fefefdf90b/cog/deflate_128.tif,,24,18,4,125.84787500054517,0.8132500006468035,163.15866599870787,290.12520799915364
4,65,zstd_512,ZSTD,512,3,cold,s3://gis-asset/coverage/6a3bfdd89e3416fefefdf90b/cog/zstd_512.tif,,24,18,1,50.846042000557645,0.5033750003349269,8.269874999314197,59.80233399895951
4,66,zstd_128,ZSTD,128,4,cold,s3://gis-asset/coverage/6a3bfdd89e3416fefefdf90b/cog/zstd_128.tif,,24,18,4,173.5398750006425,0.5595000002358574,245.5280419999326,420.00183399977686
4,67,deflate_256,DEFLATE,256,5,cold,s3://gis-asset/coverage/6a3bfdd89e3416fefefdf90b/cog/deflate_256.tif,,24,18,1,110.44458300057158,0.8414160001848359,4.2654169992601965,115.64908299988019
4,68,deflate_128,DEFLATE,128,8,cold,s3://gis-asset/coverage/6a3bfdd89e3416fefefdf90b/cog/deflate_128.tif,,24,18,4,84.61862499825656,0.3980830006184988,155.79925000020012,241.18095799894945
4,69,zstd_512,ZSTD,512,6,cold,s3://gis-asset/coverage/6a3bfdd89e3416fefefdf90b/cog/zstd_512.tif,,24,18,1,129.32254199949966,0.8994590007205261,6.191708998812828,136.54562500050815
4,70,zstd_512,ZSTD,512,9,cold,s3://gis-asset/coverage/6a3bfdd89e3416fefefdf90b/cog/zstd_512.tif,,24,18,1,122.5887500004319,0.7535000004281756,7.400624999718275,130.8630000003177
4,71,deflate_512,DEFLATE,512,1,cold,s3://gis-asset/coverage/6a3bfdd89e3416fefefdf90b/cog/deflate_512.tif,,24,18,1,59.917167000094196,0.349958998413058,10.748541999419103,71.13479200052097
4,72,deflate_256,DEFLATE,256,4,cold,s3://gis-asset/coverage/6a3bfdd89e3416fefefdf90b/cog/deflate_256.tif,,24,18,1,301.29074999968,0.3837080002995208,3.99729099990509,305.84620899935544
4,73,lzw_128,LZW,128,9,cold,s3://gis-asset/coverage/6a3bfdd89e3416fefefdf90b/cog/lzw_128.tif,,24,18,4,83.63625000129105,0.4867919997195713,211.8432080005732,296.4580419993581
4,74,zstd_128,ZSTD,128,2,cold,s3://gis-asset/coverage/6a3bfdd89e3416fefefdf90b/cog/zstd_128.tif,,24,18,4,59.6702919992822,0.7396250002784654,119.30020799991325,180.34562600041681
4,75,zstd_128,ZSTD,128,6,cold,s3://gis-asset/coverage/6a3bfdd89e3416fefefdf90b/cog/zstd_128.tif,,24,18,4,56.71008399986022,0.8417500012001256,147.31991600092442,205.5198329999257
4,76,deflate_128,DEFLATE,128,4,cold,s3://gis-asset/coverage/6a3bfdd89e3416fefefdf90b/cog/deflate_128.tif,,24,18,4,179.56754099941463,0.4106249998585554,111.78949999884935,292.10629099907237
4,77,zstd_128,ZSTD,128,9,cold,s3://gis-asset/coverage/6a3bfdd89e3416fefefdf90b/cog/zstd_128.tif,,24,18,4,53.88775000028545,0.276250000752043,117.70391699974425,172.492792000412
4,78,deflate_256,DEFLATE,256,9,cold,s3://gis-asset/coverage/6a3bfdd89e3416fefefdf90b/cog/deflate_256.tif,,24,18,1,78.00729199880152,0.6279579993133666,5.220084000029601,83.97058300033677
4,79,zstd_512,ZSTD,512,1,cold,s3://gis-asset/coverage/6a3bfdd89e3416fefefdf90b/cog/zstd_512.tif,,24,18,1,64.89045899979828,0.43116699998790864,7.080332999976235,72.6890829992044
4,80,deflate_512,DEFLATE,512,3,cold,s3://gis-asset/coverage/6a3bfdd89e3416fefefdf90b/cog/deflate_512.tif,,24,18,1,55.54649999976391,0.15904200154182035,5.788165999547346,61.56066699986695
4,81,lzw_256,LZW,256,2,cold,s3://gis-asset/coverage/6a3bfdd89e3416fefefdf90b/cog/lzw_256.tif,,24,18,1,46.669707999171806,0.142625000080443,2.861708000637009,49.74641699845961
4,82,lzw_512,LZW,512,8,cold,s3://gis-asset/coverage/6a3bfdd89e3416fefefdf90b/cog/lzw_512.tif,,24,18,1,42.44291599934513,0.2037920003203908,12.002749999737716,54.782541999884415
4,83,zstd_512,ZSTD,512,10,cold,s3://gis-asset/coverage/6a3bfdd89e3416fefefdf90b/cog/zstd_512.tif,,24,18,1,43.928250001044944,0.2347919999010628,6.942583999261842,51.262208000480314
4,84,lzw_512,LZW,512,3,cold,s3://gis-asset/coverage/6a3bfdd89e3416fefefdf90b/cog/lzw_512.tif,,24,18,1,43.009042001358466,0.27329099975759163,14.644750001025386,58.050458999787224
4,85,deflate_256,DEFLATE,256,8,cold,s3://gis-asset/coverage/6a3bfdd89e3416fefefdf90b/cog/deflate_256.tif,,24,18,1,33.9230410008895,0.20600000061676838,4.263458999048453,38.47695799959183
4,86,lzw_256,LZW,256,8,cold,s3://gis-asset/coverage/6a3bfdd89e3416fefefdf90b/cog/lzw_256.tif,,24,18,1,47.94079200109991,0.4464169996936107,4.188209000858478,52.745375000085915
4,87,zstd_256,ZSTD,256,7,cold,s3://gis-asset/coverage/6a3bfdd89e3416fefefdf90b/cog/zstd_256.tif,,24,18,1,39.450958000088576,0.42916700112982653,3.787832998568774,43.95337499954621
4,88,lzw_512,LZW,512,9,cold,s3://gis-asset/coverage/6a3bfdd89e3416fefefdf90b/cog/lzw_512.tif,,24,18,1,58.620041998437955,0.34345799940638244,11.86437499927706,71.01900100133207
4,89,zstd_128,ZSTD,128,1,cold,s3://gis-asset/coverage/6a3bfdd89e3416fefefdf90b/cog/zstd_128.tif,,24,18,4,107.94066699963878,0.34987499930139165,192.804915999659,301.6673330002959
4,90,zstd_256,ZSTD,256,1,cold,s3://gis-asset/coverage/6a3bfdd89e3416fefefdf90b/cog/zstd_256.tif,,24,18,1,47.66708299939637,0.7589999986521434,4.157166998993489,52.80295800002932
5,1,deflate_128,DEFLATE,128,6,cold,s3://gis-asset/coverage/6a3bfdd89e3416fefefdf90b/cog/deflate_128.tif,,24,18,4,59.0337499997986,0.5548330009332858,226.08124999896972,286.06029199909244
5,2,lzw_128,LZW,128,7,cold,s3://gis-asset/coverage/6a3bfdd89e3416fefefdf90b/cog/lzw_128.tif,,24,18,4,92.348750000383,0.5250829999567941,312.19387499913864,405.5704999991576
5,3,deflate_512,DEFLATE,512,3,cold,s3://gis-asset/coverage/6a3bfdd89e3416fefefdf90b/cog/deflate_512.tif,,24,18,1,52.52712499896006,0.847417000841233,12.492790998294367,66.02349999957369
5,4,lzw_512,LZW,512,7,cold,s3://gis-asset/coverage/6a3bfdd89e3416fefefdf90b/cog/lzw_512.tif,,24,18,1,86.7942500008212,0.4890420004812768,14.626958000008017,102.09208400010539
5,5,zstd_256,ZSTD,256,1,cold,s3://gis-asset/coverage/6a3bfdd89e3416fefefdf90b/cog/zstd_256.tif,,24,18,1,112.45020800015482,0.8047080009419005,5.645167000693618,119.0839999999298
5,6,zstd_128,ZSTD,128,4,cold,s3://gis-asset/coverage/6a3bfdd89e3416fefefdf90b/cog/zstd_128.tif,,24,18,4,55.977207999603706,0.30483400041703135,241.5161259996239,298.32645900023635
5,7,zstd_256,ZSTD,256,5,cold,s3://gis-asset/coverage/6a3bfdd89e3416fefefdf90b/cog/zstd_256.tif,,24,18,1,42.91704199931701,0.3512920011417009,3.4364170005574124,46.87866600033885
5,8,lzw_128,LZW,128,5,cold,s3://gis-asset/coverage/6a3bfdd89e3416fefefdf90b/cog/lzw_128.tif,,24,18,4,68.6745000002702,0.675125000270782,476.3139169990609,545.9625010007585
5,9,deflate_512,DEFLATE,512,5,cold,s3://gis-asset/coverage/6a3bfdd89e3416fefefdf90b/cog/deflate_512.tif,,24,18,1,63.670334000562434,0.733083001250634,9.344500000224798,73.89383300142072
5,10,lzw_128,LZW,128,2,cold,s3://gis-asset/coverage/6a3bfdd89e3416fefefdf90b/cog/lzw_128.tif,,24,18,4,99.97166699940863,0.5782919997727731,1061.0406670002703,1162.2022920000745
5,11,deflate_256,DEFLATE,256,6,cold,s3://gis-asset/coverage/6a3bfdd89e3416fefefdf90b/cog/deflate_256.tif,,24,18,1,655.1405419995717,0.37487500048882794,3.987707999840495,659.662042000491
5,12,zstd_512,ZSTD,512,9,cold,s3://gis-asset/coverage/6a3bfdd89e3416fefefdf90b/cog/zstd_512.tif,,24,18,1,125.05062499985797,0.7832080009393394,8.450457999060745,134.50866699895414
5,13,lzw_256,LZW,256,4,cold,s3://gis-asset/coverage/6a3bfdd89e3416fefefdf90b/cog/lzw_256.tif,,24,18,1,241.25983399972029,0.38999999924271833,4.846249999900465,246.7030829993746
5,14,lzw_512,LZW,512,2,cold,s3://gis-asset/coverage/6a3bfdd89e3416fefefdf90b/cog/lzw_512.tif,,24,18,1,232.41241699906823,0.534124999830965,14.428374999624793,247.49775000054797
5,15,zstd_256,ZSTD,256,9,cold,s3://gis-asset/coverage/6a3bfdd89e3416fefefdf90b/cog/zstd_256.tif,,24,18,1,943.490916999508,0.7547500008513452,4.0744590005488135,948.7237499997718
5,16,deflate_512,DEFLATE,512,10,cold,s3://gis-asset/coverage/6a3bfdd89e3416fefefdf90b/cog/deflate_512.tif,,24,18,1,46.99012499986566,0.39391700011037756,8.864125000400236,56.4288330006093
5,17,deflate_128,DEFLATE,128,9,cold,s3://gis-asset/coverage/6a3bfdd89e3416fefefdf90b/cog/deflate_128.tif,,24,18,4,50.36879200088151,0.5298750002111774,479.4004589984979,530.8514579992334
5,18,lzw_512,LZW,512,5,cold,s3://gis-asset/coverage/6a3bfdd89e3416fefefdf90b/cog/lzw_512.tif,,24,18,1,175.53200000111246,0.7799579998390982,11.776208000810584,188.3449169999949
5,19,lzw_128,LZW,128,4,cold,s3://gis-asset/coverage/6a3bfdd89e3416fefefdf90b/cog/lzw_128.tif,,24,18,4,58.76733299919579,0.40333399920200463,687.2374169997784,747.0834999985527
5,20,deflate_128,DEFLATE,128,10,cold,s3://gis-asset/coverage/6a3bfdd89e3416fefefdf90b/cog/deflate_128.tif,,24,18,4,93.48737499931303,0.629292000667192,239.81366699990758,334.36237500063726
5,21,zstd_128,ZSTD,128,9,cold,s3://gis-asset/coverage/6a3bfdd89e3416fefefdf90b/cog/zstd_128.tif,,24,18,4,60.739791000742116,0.6878750009491341,240.34250000113389,302.4846670014085
5,22,zstd_512,ZSTD,512,1,cold,s3://gis-asset/coverage/6a3bfdd89e3416fefefdf90b/cog/zstd_512.tif,,24,18,1,70.95599999956903,1.0339999989810167,9.358875000543776,81.59295800032851
5,23,lzw_512,LZW,512,8,cold,s3://gis-asset/coverage/6a3bfdd89e3416fefefdf90b/cog/lzw_512.tif,,24,18,1,75.24137499967765,0.3908750004484318,12.543374999950174,88.36283299933712
5,24,lzw_128,LZW,128,1,cold,s3://gis-asset/coverage/6a3bfdd89e3416fefefdf90b/cog/lzw_128.tif,,24,18,4,90.92874999987544,0.5757920007454231,344.1197499996633,436.15275000047404
5,25,deflate_128,DEFLATE,128,8,cold,s3://gis-asset/coverage/6a3bfdd89e3416fefefdf90b/cog/deflate_128.tif,,24,18,4,49.83908299982431,0.3803750005317852,335.80925000023853,386.5280829995754
5,26,deflate_512,DEFLATE,512,4,cold,s3://gis-asset/coverage/6a3bfdd89e3416fefefdf90b/cog/deflate_512.tif,,24,18,1,78.73866699992504,0.47904100028972607,11.00149999911082,90.39104099974793
5,27,zstd_128,ZSTD,128,7,cold,s3://gis-asset/coverage/6a3bfdd89e3416fefefdf90b/cog/zstd_128.tif,,24,18,4,39.42395900048723,0.3067500001634471,167.26270800063503,207.7761250002368
5,28,zstd_512,ZSTD,512,4,cold,s3://gis-asset/coverage/6a3bfdd89e3416fefefdf90b/cog/zstd_512.tif,,24,18,1,140.66129200000432,0.6177079994813539,8.15037500069593,149.80724999986705
5,29,lzw_256,LZW,256,5,cold,s3://gis-asset/coverage/6a3bfdd89e3416fefefdf90b/cog/lzw_256.tif,,24,18,1,71.02179200046521,0.34824999966076575,4.721374998553074,76.2210419998155
5,30,lzw_256,LZW,256,10,cold,s3://gis-asset/coverage/6a3bfdd89e3416fefefdf90b/cog/lzw_256.tif,,24,18,1,55.23741700017126,0.4694580002251314,4.6062920009717345,60.493791999761015
5,31,deflate_512,DEFLATE,512,8,cold,s3://gis-asset/coverage/6a3bfdd89e3416fefefdf90b/cog/deflate_512.tif,,24,18,1,76.64629200007766,0.586416999794892,11.387624999770196,88.72762499959208
5,32,deflate_256,DEFLATE,256,7,cold,s3://gis-asset/coverage/6a3bfdd89e3416fefefdf90b/cog/deflate_256.tif,,24,18,1,53.69362500096031,0.2989999993587844,4.774250000991742,58.892749999358784
5,33,zstd_256,ZSTD,256,4,cold,s3://gis-asset/coverage/6a3bfdd89e3416fefefdf90b/cog/zstd_256.tif,,24,18,1,49.89870799909113,0.4292499997973209,3.5660409994306974,54.17570800091198
5,34,zstd_256,ZSTD,256,10,cold,s3://gis-asset/coverage/6a3bfdd89e3416fefefdf90b/cog/zstd_256.tif,,24,18,1,55.39320800016867,0.32741700124461204,3.5138749990437645,59.476624999661
5,35,zstd_512,ZSTD,512,6,cold,s3://gis-asset/coverage/6a3bfdd89e3416fefefdf90b/cog/zstd_512.tif,,24,18,1,48.9289999986795,0.5440830009320052,7.985374999407213,57.620083998699556
5,36,deflate_128,DEFLATE,128,3,cold,s3://gis-asset/coverage/6a3bfdd89e3416fefefdf90b/cog/deflate_128.tif,,24,18,4,59.78725000022678,0.43616600123641547,142.12270799907856,202.756666998539
5,37,zstd_256,ZSTD,256,3,cold,s3://gis-asset/coverage/6a3bfdd89e3416fefefdf90b/cog/zstd_256.tif,,24,18,1,64.29525000021385,0.6410420010070084,3.9686250001977896,69.05962500059104
5,38,deflate_128,DEFLATE,128,7,cold,s3://gis-asset/coverage/6a3bfdd89e3416fefefdf90b/cog/deflate_128.tif,,24,18,4,57.13066600037564,0.3103749986621551,204.86829199944623,262.6620829996682
5,39,lzw_256,LZW,256,1,cold,s3://gis-asset/coverage/6a3bfdd89e3416fefefdf90b/cog/lzw_256.tif,,24,18,1,44.398541998816654,0.5317499999364372,4.605125001035049,49.706542000421905
5,40,deflate_256,DEFLATE,256,5,cold,s3://gis-asset/coverage/6a3bfdd89e3416fefefdf90b/cog/deflate_256.tif,,24,18,1,44.01749999851745,0.5244999993010424,6.40512499921897,51.066959000309
5,41,lzw_256,LZW,256,9,cold,s3://gis-asset/coverage/6a3bfdd89e3416fefefdf90b/cog/lzw_256.tif,,24,18,1,58.38587499965797,0.2811249996739207,4.498333999435999,63.28400100028375
5,42,deflate_256,DEFLATE,256,10,cold,s3://gis-asset/coverage/6a3bfdd89e3416fefefdf90b/cog/deflate_256.tif,,24,18,1,44.561415999851306,0.33724999957485124,3.7990000000718283,48.84387499987497
5,43,lzw_256,LZW,256,8,cold,s3://gis-asset/coverage/6a3bfdd89e3416fefefdf90b/cog/lzw_256.tif,,24,18,1,49.78554199988139,0.3133749996777624,4.434624999703374,54.683541999111185
5,44,lzw_512,LZW,512,4,cold,s3://gis-asset/coverage/6a3bfdd89e3416fefefdf90b/cog/lzw_512.tif,,24,18,1,47.21204099951137,0.34041700018860865,13.67045799997868,61.387665999063756
5,45,deflate_128,DEFLATE,128,2,cold,s3://gis-asset/coverage/6a3bfdd89e3416fefefdf90b/cog/deflate_128.tif,,24,18,4,49.80370800149103,0.3189999988535419,144.51399999961723,195.09570799891662
5,46,deflate_512,DEFLATE,512,2,cold,s3://gis-asset/coverage/6a3bfdd89e3416fefefdf90b/cog/deflate_512.tif,,24,18,1,61.098457999833045,0.6392080013029044,11.390625000785803,73.24091699956625
5,47,zstd_512,ZSTD,512,10,cold,s3://gis-asset/coverage/6a3bfdd89e3416fefefdf90b/cog/zstd_512.tif,,24,18,1,41.42400000091584,0.23629200040886644,7.320791000893223,49.1132919996744
5,48,lzw_512,LZW,512,1,cold,s3://gis-asset/coverage/6a3bfdd89e3416fefefdf90b/cog/lzw_512.tif,,24,18,1,44.37670799961779,0.3092499991907971,14.143000000331085,58.939541999279754
5,49,zstd_128,ZSTD,128,3,cold,s3://gis-asset/coverage/6a3bfdd89e3416fefefdf90b/cog/zstd_128.tif,,24,18,4,51.11150000084308,0.18683299822441768,136.30224999906204,188.20370899993577
5,50,zstd_128,ZSTD,128,1,cold,s3://gis-asset/coverage/6a3bfdd89e3416fefefdf90b/cog/zstd_128.tif,,24,18,4,48.68970899951819,0.6842920010967646,163.17870799866796,213.04425000016636
5,51,zstd_512,ZSTD,512,5,cold,s3://gis-asset/coverage/6a3bfdd89e3416fefefdf90b/cog/zstd_512.tif,,24,18,1,71.42379200013238,0.43725000068661757,7.284750001417706,79.44945899907907
5,52,zstd_512,ZSTD,512,7,cold,s3://gis-asset/coverage/6a3bfdd89e3416fefefdf90b/cog/zstd_512.tif,,24,18,1,69.58779200067511,0.5684999996447004,9.89349999872502,80.29924999937066
5,53,lzw_256,LZW,256,2,cold,s3://gis-asset/coverage/6a3bfdd89e3416fefefdf90b/cog/lzw_256.tif,,24,18,1,42.56474999965576,0.313750000714208,4.092416000275989,47.13200000151119
5,54,zstd_512,ZSTD,512,2,cold,s3://gis-asset/coverage/6a3bfdd89e3416fefefdf90b/cog/zstd_512.tif,,24,18,1,58.69208299918682,0.3103340004599886,6.97095800023817,66.20141699931992
5,55,zstd_128,ZSTD,128,2,cold,s3://gis-asset/coverage/6a3bfdd89e3416fefefdf90b/cog/zstd_128.tif,,24,18,4,42.98774999915622,0.5510410010174382,103.35358300108055,147.3839999998745
5,56,zstd_256,ZSTD,256,7,cold,s3://gis-asset/coverage/6a3bfdd89e3416fefefdf90b/cog/zstd_256.tif,,24,18,1,57.50695899951097,0.6997079999564448,4.060417000800953,62.49879200004216
5,57,zstd_128,ZSTD,128,10,cold,s3://gis-asset/coverage/6a3bfdd89e3416fefefdf90b/cog/zstd_128.tif,,24,18,4,54.91450000045006,0.5808330006402684,118.65220899926499,174.63150000003225
5,58,lzw_512,LZW,512,10,cold,s3://gis-asset/coverage/6a3bfdd89e3416fefefdf90b/cog/lzw_512.tif,,24,18,1,51.724208000450744,0.6099169986555353,13.577959000031115,66.04108299870859
5,59,lzw_128,LZW,128,8,cold,s3://gis-asset/coverage/6a3bfdd89e3416fefefdf90b/cog/lzw_128.tif,,24,18,4,38.67062499921303,0.24245799977506977,240.67545800062362,279.8927499989077
5,60,zstd_128,ZSTD,128,6,cold,s3://gis-asset/coverage/6a3bfdd89e3416fefefdf90b/cog/zstd_128.tif,,24,18,4,47.32887499994831,0.5259579993435182,70.80074999976205,118.96729199906986
5,61,deflate_256,DEFLATE,256,9,cold,s3://gis-asset/coverage/6a3bfdd89e3416fefefdf90b/cog/deflate_256.tif,,24,18,1,36.862000000837725,0.32787499912956264,3.370333000930259,40.690916999665205
5,62,deflate_512,DEFLATE,512,7,cold,s3://gis-asset/coverage/6a3bfdd89e3416fefefdf90b/cog/deflate_512.tif,,24,18,1,41.08624999935273,0.4177089995209826,9.390208000695566,51.04945899984159
5,63,deflate_512,DEFLATE,512,6,cold,s3://gis-asset/coverage/6a3bfdd89e3416fefefdf90b/cog/deflate_512.tif,,24,18,1,197.42937500086555,0.3762500000448199,8.859292000124697,206.8197920016246
5,64,zstd_128,ZSTD,128,5,cold,s3://gis-asset/coverage/6a3bfdd89e3416fefefdf90b/cog/zstd_128.tif,,24,18,4,50.53550000047835,0.36137499955657404,213.21816599993326,264.55158299904724
5,65,deflate_256,DEFLATE,256,8,cold,s3://gis-asset/coverage/6a3bfdd89e3416fefefdf90b/cog/deflate_256.tif,,24,18,1,63.4327919997304,0.5235830012679799,5.014374999518623,69.14883399986138
5,66,deflate_128,DEFLATE,128,1,cold,s3://gis-asset/coverage/6a3bfdd89e3416fefefdf90b/cog/deflate_128.tif,,24,18,4,89.3502079998143,0.6185419988469221,251.12887600153044,341.48383399951854
5,67,lzw_128,LZW,128,9,cold,s3://gis-asset/coverage/6a3bfdd89e3416fefefdf90b/cog/lzw_128.tif,,24,18,4,67.1463329999824,0.4076250006619375,292.6825419999659,360.6001660009497
5,68,deflate_256,DEFLATE,256,3,cold,s3://gis-asset/coverage/6a3bfdd89e3416fefefdf90b/cog/deflate_256.tif,,24,18,1,51.71524999968824,0.27874999977939297,4.356290999567136,56.48116699921957
5,69,lzw_512,LZW,512,3,cold,s3://gis-asset/coverage/6a3bfdd89e3416fefefdf90b/cog/lzw_512.tif,,24,18,1,57.16345899963926,0.39041600030031987,11.543042000994319,69.34000000001106
5,70,deflate_128,DEFLATE,128,4,cold,s3://gis-asset/coverage/6a3bfdd89e3416fefefdf90b/cog/deflate_128.tif,,24,18,4,63.477708001300925,0.4428749998623971,89.09779199893819,153.27249999972992
5,71,lzw_256,LZW,256,3,cold,s3://gis-asset/coverage/6a3bfdd89e3416fefefdf90b/cog/lzw_256.tif,,24,18,1,61.03541599986784,0.3472500011412194,3.718500000104541,65.26258300073096
5,72,zstd_256,ZSTD,256,6,cold,s3://gis-asset/coverage/6a3bfdd89e3416fefefdf90b/cog/zstd_256.tif,,24,18,1,44.02533400025277,0.5893750003451714,6.336291000479832,51.35012499886216
5,73,zstd_512,ZSTD,512,8,cold,s3://gis-asset/coverage/6a3bfdd89e3416fefefdf90b/cog/zstd_512.tif,,24,18,1,56.32920800053398,0.5164159993000794,7.707916998697328,64.86616700021841
5,74,deflate_512,DEFLATE,512,9,cold,s3://gis-asset/coverage/6a3bfdd89e3416fefefdf90b/cog/deflate_512.tif,,24,18,1,43.24283300047682,0.3876669998135185,10.571209000772797,54.344833000868675
5,75,deflate_256,DEFLATE,256,2,cold,s3://gis-asset/coverage/6a3bfdd89e3416fefefdf90b/cog/deflate_256.tif,,24,18,1,123.1203329989512,0.9092500004044268,6.240750000870321,130.393917001129
5,76,deflate_256,DEFLATE,256,4,cold,s3://gis-asset/coverage/6a3bfdd89e3416fefefdf90b/cog/deflate_256.tif,,24,18,1,49.19800000061514,0.33762500061129685,4.980959000022267,54.63229099950695
5,77,zstd_512,ZSTD,512,3,cold,s3://gis-asset/coverage/6a3bfdd89e3416fefefdf90b/cog/zstd_512.tif,,24,18,1,61.56379200001538,0.3566670002328465,7.158624999647145,69.37308399938047
5,78,lzw_128,LZW,128,6,cold,s3://gis-asset/coverage/6a3bfdd89e3416fefefdf90b/cog/lzw_128.tif,,24,18,4,53.807541999049135,0.5859579996467801,191.34429200130398,246.27875099940866
5,79,lzw_128,LZW,128,10,cold,s3://gis-asset/coverage/6a3bfdd89e3416fefefdf90b/cog/lzw_128.tif,,24,18,4,73.33658300012758,0.9476670002186438,107.06420799942862,181.71308300043165
5,80,lzw_256,LZW,256,6,cold,s3://gis-asset/coverage/6a3bfdd89e3416fefefdf90b/cog/lzw_256.tif,,24,18,1,56.371874999967986,0.5701660011254717,5.235000000539003,62.413542000285815
5,81,deflate_128,DEFLATE,128,5,cold,s3://gis-asset/coverage/6a3bfdd89e3416fefefdf90b/cog/deflate_128.tif,,24,18,4,61.00133300060406,0.5802079995191889,103.70883400173625,165.74670799855085
5,82,deflate_512,DEFLATE,512,1,cold,s3://gis-asset/coverage/6a3bfdd89e3416fefefdf90b/cog/deflate_512.tif,,24,18,1,43.91354200015485,0.6920839987287764,9.78495799972734,54.58104199897207
5,83,zstd_256,ZSTD,256,2,cold,s3://gis-asset/coverage/6a3bfdd89e3416fefefdf90b/cog/zstd_256.tif,,24,18,1,53.19637499997043,0.3833329992630752,3.5669579992827494,57.44162600058189
5,84,lzw_256,LZW,256,7,cold,s3://gis-asset/coverage/6a3bfdd89e3416fefefdf90b/cog/lzw_256.tif,,24,18,1,144.85712500027148,0.5714590006391518,5.8697080003184965,151.4274999990448
5,85,lzw_128,LZW,128,3,cold,s3://gis-asset/coverage/6a3bfdd89e3416fefefdf90b/cog/lzw_128.tif,,24,18,4,43.47787500046252,0.36462500065681525,145.53087500098627,189.64983299883897
5,86,zstd_256,ZSTD,256,8,cold,s3://gis-asset/coverage/6a3bfdd89e3416fefefdf90b/cog/zstd_256.tif,,24,18,1,56.118833999789786,0.7197089998953743,3.7458749993675156,60.811082999862265
5,87,lzw_512,LZW,512,9,cold,s3://gis-asset/coverage/6a3bfdd89e3416fefefdf90b/cog/lzw_512.tif,,24,18,1,48.0422919990815,0.4275419996702112,10.66562499909196,59.31862500074203
5,88,lzw_512,LZW,512,6,cold,s3://gis-asset/coverage/6a3bfdd89e3416fefefdf90b/cog/lzw_512.tif,,24,18,1,56.27408399959677,0.5242079987510806,15.983708000931074,72.92716699885204
5,89,deflate_256,DEFLATE,256,1,cold,s3://gis-asset/coverage/6a3bfdd89e3416fefefdf90b/cog/deflate_256.tif,,24,18,1,52.92495799949393,0.2776669989543734,4.834041999856709,58.14633299996785
5,90,zstd_128,ZSTD,128,8,cold,s3://gis-asset/coverage/6a3bfdd89e3416fefefdf90b/cog/zstd_128.tif,,24,18,4,47.73774999921443,0.32904200088523794,418.6835419986892,467.1905839986721
